Game Turn, Player, Strategy, Status
1, 0, STRATEGY_EARLY_EXPLORATION, Following
1, 0, STRATEGY_RAPID_EXPANSION, Following
1, 0, STRATEGY_ANCIENT_CHANGES, Following
1, 0, VICTORY_STRATEGY_RELIGIOUS_VICTORY, Forbidden
1, 0, STRATEGY_EARLY_EXPLORATION, Following
1, 0, STRATEGY_RAPID_EXPANSION, Following
1, 0, STRATEGY_ANCIENT_CHANGES, Following
1, 1, VICTORY_STRATEGY_RELIGIOUS_VICTORY, Forbidden
1, 1, STRATEGY_EARLY_EXPLORATION, Following
1, 1, STRATEGY_RAPID_EXPANSION, Following
1, 1, VICTORY_STRATEGY_DIPLOMATIC_VICTORY, Following
1, 1, STRATEGY_ANCIENT_CHANGES, Following
1, 2, VICTORY_STRATEGY_RELIGIOUS_VICTORY, Forbidden
1, 2, STRATEGY_EARLY_EXPLORATION, Following
1, 2, STRATEGY_RAPID_EXPANSION, Following
1, 2, STRATEGY_ANCIENT_CHANGES, Following
1, 3, VICTORY_STRATEGY_RELIGIOUS_VICTORY, Forbidden
1, 3, STRATEGY_EARLY_EXPLORATION, Following
1, 3, STRATEGY_RAPID_EXPANSION, Following
1, 3, STRATEGY_ANCIENT_CHANGES, Following
1, 4, VICTORY_STRATEGY_RELIGIOUS_VICTORY, Forbidden
1, 4, STRATEGY_EARLY_EXPLORATION, Following
1, 4, STRATEGY_RAPID_EXPANSION, Following
1, 4, STRATEGY_ANCIENT_CHANGES, Following
1, 5, VICTORY_STRATEGY_RELIGIOUS_VICTORY, Forbidden
1, 5, STRATEGY_EARLY_EXPLORATION, Following
1, 5, STRATEGY_RAPID_EXPANSION, Following
1, 5, VICTORY_STRATEGY_DIPLOMATIC_VICTORY, Following
1, 5, STRATEGY_ANCIENT_CHANGES, Following
1, 6, VICTORY_STRATEGY_RELIGIOUS_VICTORY, Forbidden
1, 6, STRATEGY_EARLY_EXPLORATION, Following
1, 6, STRATEGY_RAPID_EXPANSION, Following
1, 6, STRATEGY_ANCIENT_CHANGES, Following
1, 7, VICTORY_STRATEGY_RELIGIOUS_VICTORY, Forbidden
1, 7, STRATEGY_EARLY_EXPLORATION, Following
1, 7, STRATEGY_RAPID_EXPANSION, Following
1, 7, STRATEGY_ANCIENT_CHANGES, Following
1, 8, VICTORY_STRATEGY_RELIGIOUS_VICTORY, Forbidden
1, 8, STRATEGY_EARLY_EXPLORATION, Following
1, 8, STRATEGY_RAPID_EXPANSION, Following
1, 8, STRATEGY_ANCIENT_CHANGES, Following
1, 9, VICTORY_STRATEGY_RELIGIOUS_VICTORY, Forbidden
1, 9, STRATEGY_EARLY_EXPLORATION, Following
1, 9, STRATEGY_RAPID_EXPANSION, Following
1, 9, STRATEGY_ANCIENT_CHANGES, Following
1, 10, VICTORY_STRATEGY_CULTURAL_VICTORY, Forbidden
1, 10, VICTORY_STRATEGY_MILITARY_VICTORY, Forbidden
1, 10, VICTORY_STRATEGY_RELIGIOUS_VICTORY, Forbidden
1, 10, VICTORY_STRATEGY_SCIENCE_VICTORY, Forbidden
1, 10, STRATEGY_EARLY_EXPLORATION, Forbidden
1, 10, STRATEGY_RAPID_EXPANSION, Forbidden
1, 10, STRATEGY_CLASSICAL_CHANGES, Forbidden
1, 10, STRATEGY_MEDIEVAL_CHANGES, Forbidden
1, 10, STRATEGY_RENAISSANCE_CHANGES, Forbidden
1, 10, STRATEGY_INDUSTRIAL_CHANGES, Forbidden
1, 10, STRATEGY_MODERN_CHANGES, Forbidden
1, 10, STRATEGY_DARKAGE, Forbidden
1, 10, VICTORY_STRATEGY_DIPLOMATIC_VICTORY, Forbidden
1, 10, STRATEGY_ANCIENT_CHANGES, Forbidden
1, 11, VICTORY_STRATEGY_CULTURAL_VICTORY, Forbidden
1, 11, VICTORY_STRATEGY_MILITARY_VICTORY, Forbidden
1, 11, VICTORY_STRATEGY_RELIGIOUS_VICTORY, Forbidden
1, 11, VICTORY_STRATEGY_SCIENCE_VICTORY, Forbidden
1, 11, STRATEGY_EARLY_EXPLORATION, Forbidden
1, 11, STRATEGY_RAPID_EXPANSION, Forbidden
1, 11, STRATEGY_CLASSICAL_CHANGES, Forbidden
1, 11, STRATEGY_MEDIEVAL_CHANGES, Forbidden
1, 11, STRATEGY_RENAISSANCE_CHANGES, Forbidden
1, 11, STRATEGY_INDUSTRIAL_CHANGES, Forbidden
1, 11, STRATEGY_MODERN_CHANGES, Forbidden
1, 11, STRATEGY_DARKAGE, Forbidden
1, 11, VICTORY_STRATEGY_DIPLOMATIC_VICTORY, Forbidden
1, 11, STRATEGY_ANCIENT_CHANGES, Forbidden
1, 12, VICTORY_STRATEGY_CULTURAL_VICTORY, Forbidden
1, 12, VICTORY_STRATEGY_MILITARY_VICTORY, Forbidden
1, 12, VICTORY_STRATEGY_RELIGIOUS_VICTORY, Forbidden
1, 12, VICTORY_STRATEGY_SCIENCE_VICTORY, Forbidden
1, 12, STRATEGY_EARLY_EXPLORATION, Forbidden
1, 12, STRATEGY_RAPID_EXPANSION, Forbidden
1, 12, STRATEGY_CLASSICAL_CHANGES, Forbidden
1, 12, STRATEGY_MEDIEVAL_CHANGES, Forbidden
1, 12, STRATEGY_RENAISSANCE_CHANGES, Forbidden
1, 12, STRATEGY_INDUSTRIAL_CHANGES, Forbidden
1, 12, STRATEGY_MODERN_CHANGES, Forbidden
1, 12, STRATEGY_DARKAGE, Forbidden
1, 12, VICTORY_STRATEGY_DIPLOMATIC_VICTORY, Forbidden
1, 12, STRATEGY_ANCIENT_CHANGES, Forbidden
1, 13, VICTORY_STRATEGY_CULTURAL_VICTORY, Forbidden
1, 13, VICTORY_STRATEGY_MILITARY_VICTORY, Forbidden
1, 13, VICTORY_STRATEGY_RELIGIOUS_VICTORY, Forbidden
1, 13, VICTORY_STRATEGY_SCIENCE_VICTORY, Forbidden
1, 13, STRATEGY_EARLY_EXPLORATION, Forbidden
1, 13, STRATEGY_RAPID_EXPANSION, Forbidden
1, 13, STRATEGY_CLASSICAL_CHANGES, Forbidden
1, 13, STRATEGY_MEDIEVAL_CHANGES, Forbidden
1, 13, STRATEGY_RENAISSANCE_CHANGES, Forbidden
1, 13, STRATEGY_INDUSTRIAL_CHANGES, Forbidden
1, 13, STRATEGY_MODERN_CHANGES, Forbidden
1, 13, STRATEGY_DARKAGE, Forbidden
1, 13, VICTORY_STRATEGY_DIPLOMATIC_VICTORY, Forbidden
1, 13, STRATEGY_ANCIENT_CHANGES, Forbidden
1, 14, VICTORY_STRATEGY_CULTURAL_VICTORY, Forbidden
1, 14, VICTORY_STRATEGY_MILITARY_VICTORY, Forbidden
1, 14, VICTORY_STRATEGY_RELIGIOUS_VICTORY, Forbidden
1, 14, VICTORY_STRATEGY_SCIENCE_VICTORY, Forbidden
1, 14, STRATEGY_EARLY_EXPLORATION, Forbidden
1, 14, STRATEGY_RAPID_EXPANSION, Forbidden
1, 14, STRATEGY_CLASSICAL_CHANGES, Forbidden
1, 14, STRATEGY_MEDIEVAL_CHANGES, Forbidden
1, 14, STRATEGY_RENAISSANCE_CHANGES, Forbidden
1, 14, STRATEGY_INDUSTRIAL_CHANGES, Forbidden
1, 14, STRATEGY_MODERN_CHANGES, Forbidden
1, 14, STRATEGY_DARKAGE, Forbidden
1, 14, VICTORY_STRATEGY_DIPLOMATIC_VICTORY, Forbidden
1, 14, STRATEGY_ANCIENT_CHANGES, Forbidden
1, 15, VICTORY_STRATEGY_CULTURAL_VICTORY, Forbidden
1, 15, VICTORY_STRATEGY_MILITARY_VICTORY, Forbidden
1, 15, VICTORY_STRATEGY_RELIGIOUS_VICTORY, Forbidden
1, 15, VICTORY_STRATEGY_SCIENCE_VICTORY, Forbidden
1, 15, STRATEGY_EARLY_EXPLORATION, Forbidden
1, 15, STRATEGY_RAPID_EXPANSION, Forbidden
1, 15, STRATEGY_CLASSICAL_CHANGES, Forbidden
1, 15, STRATEGY_MEDIEVAL_CHANGES, Forbidden
1, 15, STRATEGY_RENAISSANCE_CHANGES, Forbidden
1, 15, STRATEGY_INDUSTRIAL_CHANGES, Forbidden
1, 15, STRATEGY_MODERN_CHANGES, Forbidden
1, 15, STRATEGY_DARKAGE, Forbidden
1, 15, VICTORY_STRATEGY_DIPLOMATIC_VICTORY, Forbidden
1, 15, STRATEGY_ANCIENT_CHANGES, Forbidden
1, 16, VICTORY_STRATEGY_CULTURAL_VICTORY, Forbidden
1, 16, VICTORY_STRATEGY_MILITARY_VICTORY, Forbidden
1, 16, VICTORY_STRATEGY_RELIGIOUS_VICTORY, Forbidden
1, 16, VICTORY_STRATEGY_SCIENCE_VICTORY, Forbidden
1, 16, STRATEGY_EARLY_EXPLORATION, Forbidden
1, 16, STRATEGY_RAPID_EXPANSION, Forbidden
1, 16, STRATEGY_CLASSICAL_CHANGES, Forbidden
1, 16, STRATEGY_MEDIEVAL_CHANGES, Forbidden
1, 16, STRATEGY_RENAISSANCE_CHANGES, Forbidden
1, 16, STRATEGY_INDUSTRIAL_CHANGES, Forbidden
1, 16, STRATEGY_MODERN_CHANGES, Forbidden
1, 16, STRATEGY_DARKAGE, Forbidden
1, 16, VICTORY_STRATEGY_DIPLOMATIC_VICTORY, Forbidden
1, 16, STRATEGY_ANCIENT_CHANGES, Forbidden
1, 17, VICTORY_STRATEGY_CULTURAL_VICTORY, Forbidden
1, 17, VICTORY_STRATEGY_MILITARY_VICTORY, Forbidden
1, 17, VICTORY_STRATEGY_RELIGIOUS_VICTORY, Forbidden
1, 17, VICTORY_STRATEGY_SCIENCE_VICTORY, Forbidden
1, 17, STRATEGY_EARLY_EXPLORATION, Forbidden
1, 17, STRATEGY_RAPID_EXPANSION, Forbidden
1, 17, STRATEGY_CLASSICAL_CHANGES, Forbidden
1, 17, STRATEGY_MEDIEVAL_CHANGES, Forbidden
1, 17, STRATEGY_RENAISSANCE_CHANGES, Forbidden
1, 17, STRATEGY_INDUSTRIAL_CHANGES, Forbidden
1, 17, STRATEGY_MODERN_CHANGES, Forbidden
1, 17, STRATEGY_DARKAGE, Forbidden
1, 17, VICTORY_STRATEGY_DIPLOMATIC_VICTORY, Forbidden
1, 17, STRATEGY_ANCIENT_CHANGES, Forbidden
1, 18, VICTORY_STRATEGY_CULTURAL_VICTORY, Forbidden
1, 18, VICTORY_STRATEGY_MILITARY_VICTORY, Forbidden
1, 18, VICTORY_STRATEGY_RELIGIOUS_VICTORY, Forbidden
1, 18, VICTORY_STRATEGY_SCIENCE_VICTORY, Forbidden
1, 18, STRATEGY_EARLY_EXPLORATION, Forbidden
1, 18, STRATEGY_RAPID_EXPANSION, Forbidden
1, 18, STRATEGY_CLASSICAL_CHANGES, Forbidden
1, 18, STRATEGY_MEDIEVAL_CHANGES, Forbidden
1, 18, STRATEGY_RENAISSANCE_CHANGES, Forbidden
1, 18, STRATEGY_INDUSTRIAL_CHANGES, Forbidden
1, 18, STRATEGY_MODERN_CHANGES, Forbidden
1, 18, STRATEGY_DARKAGE, Forbidden
1, 18, VICTORY_STRATEGY_DIPLOMATIC_VICTORY, Forbidden
1, 18, STRATEGY_ANCIENT_CHANGES, Forbidden
1, 19, VICTORY_STRATEGY_CULTURAL_VICTORY, Forbidden
1, 19, VICTORY_STRATEGY_MILITARY_VICTORY, Forbidden
1, 19, VICTORY_STRATEGY_RELIGIOUS_VICTORY, Forbidden
1, 19, VICTORY_STRATEGY_SCIENCE_VICTORY, Forbidden
1, 19, STRATEGY_EARLY_EXPLORATION, Forbidden
1, 19, STRATEGY_RAPID_EXPANSION, Forbidden
1, 19, STRATEGY_CLASSICAL_CHANGES, Forbidden
1, 19, STRATEGY_MEDIEVAL_CHANGES, Forbidden
1, 19, STRATEGY_RENAISSANCE_CHANGES, Forbidden
1, 19, STRATEGY_INDUSTRIAL_CHANGES, Forbidden
1, 19, STRATEGY_MODERN_CHANGES, Forbidden
1, 19, STRATEGY_DARKAGE, Forbidden
1, 19, VICTORY_STRATEGY_DIPLOMATIC_VICTORY, Forbidden
1, 19, STRATEGY_ANCIENT_CHANGES, Forbidden
1, 20, VICTORY_STRATEGY_CULTURAL_VICTORY, Forbidden
1, 20, VICTORY_STRATEGY_MILITARY_VICTORY, Forbidden
1, 20, VICTORY_STRATEGY_RELIGIOUS_VICTORY, Forbidden
1, 20, VICTORY_STRATEGY_SCIENCE_VICTORY, Forbidden
1, 20, STRATEGY_EARLY_EXPLORATION, Forbidden
1, 20, STRATEGY_RAPID_EXPANSION, Forbidden
1, 20, STRATEGY_CLASSICAL_CHANGES, Forbidden
1, 20, STRATEGY_MEDIEVAL_CHANGES, Forbidden
1, 20, STRATEGY_RENAISSANCE_CHANGES, Forbidden
1, 20, STRATEGY_INDUSTRIAL_CHANGES, Forbidden
1, 20, STRATEGY_MODERN_CHANGES, Forbidden
1, 20, STRATEGY_DARKAGE, Forbidden
1, 20, VICTORY_STRATEGY_DIPLOMATIC_VICTORY, Forbidden
1, 20, STRATEGY_ANCIENT_CHANGES, Forbidden
1, 21, VICTORY_STRATEGY_CULTURAL_VICTORY, Forbidden
1, 21, VICTORY_STRATEGY_MILITARY_VICTORY, Forbidden
1, 21, VICTORY_STRATEGY_RELIGIOUS_VICTORY, Forbidden
1, 21, VICTORY_STRATEGY_SCIENCE_VICTORY, Forbidden
1, 21, STRATEGY_EARLY_EXPLORATION, Forbidden
1, 21, STRATEGY_RAPID_EXPANSION, Forbidden
1, 21, STRATEGY_CLASSICAL_CHANGES, Forbidden
1, 21, STRATEGY_MEDIEVAL_CHANGES, Forbidden
1, 21, STRATEGY_RENAISSANCE_CHANGES, Forbidden
1, 21, STRATEGY_INDUSTRIAL_CHANGES, Forbidden
1, 21, STRATEGY_MODERN_CHANGES, Forbidden
1, 21, STRATEGY_DARKAGE, Forbidden
1, 21, VICTORY_STRATEGY_DIPLOMATIC_VICTORY, Forbidden
1, 21, STRATEGY_ANCIENT_CHANGES, Forbidden
1, 22, VICTORY_STRATEGY_CULTURAL_VICTORY, Forbidden
1, 22, VICTORY_STRATEGY_MILITARY_VICTORY, Forbidden
1, 22, VICTORY_STRATEGY_RELIGIOUS_VICTORY, Forbidden
1, 22, VICTORY_STRATEGY_SCIENCE_VICTORY, Forbidden
1, 22, STRATEGY_EARLY_EXPLORATION, Forbidden
1, 22, STRATEGY_RAPID_EXPANSION, Forbidden
1, 22, STRATEGY_CLASSICAL_CHANGES, Forbidden
1, 22, STRATEGY_MEDIEVAL_CHANGES, Forbidden
1, 22, STRATEGY_RENAISSANCE_CHANGES, Forbidden
1, 22, STRATEGY_INDUSTRIAL_CHANGES, Forbidden
1, 22, STRATEGY_MODERN_CHANGES, Forbidden
1, 22, STRATEGY_DARKAGE, Forbidden
1, 22, VICTORY_STRATEGY_DIPLOMATIC_VICTORY, Forbidden
1, 22, STRATEGY_ANCIENT_CHANGES, Forbidden
1, 23, VICTORY_STRATEGY_CULTURAL_VICTORY, Forbidden
1, 23, VICTORY_STRATEGY_MILITARY_VICTORY, Forbidden
1, 23, VICTORY_STRATEGY_RELIGIOUS_VICTORY, Forbidden
1, 23, VICTORY_STRATEGY_SCIENCE_VICTORY, Forbidden
1, 23, STRATEGY_EARLY_EXPLORATION, Forbidden
1, 23, STRATEGY_RAPID_EXPANSION, Forbidden
1, 23, STRATEGY_CLASSICAL_CHANGES, Forbidden
1, 23, STRATEGY_MEDIEVAL_CHANGES, Forbidden
1, 23, STRATEGY_RENAISSANCE_CHANGES, Forbidden
1, 23, STRATEGY_INDUSTRIAL_CHANGES, Forbidden
1, 23, STRATEGY_MODERN_CHANGES, Forbidden
1, 23, STRATEGY_DARKAGE, Forbidden
1, 23, VICTORY_STRATEGY_DIPLOMATIC_VICTORY, Forbidden
1, 23, STRATEGY_ANCIENT_CHANGES, Forbidden
1, 24, VICTORY_STRATEGY_CULTURAL_VICTORY, Forbidden
1, 24, VICTORY_STRATEGY_MILITARY_VICTORY, Forbidden
1, 24, VICTORY_STRATEGY_RELIGIOUS_VICTORY, Forbidden
1, 24, VICTORY_STRATEGY_SCIENCE_VICTORY, Forbidden
1, 24, STRATEGY_EARLY_EXPLORATION, Forbidden
1, 24, STRATEGY_RAPID_EXPANSION, Forbidden
1, 24, STRATEGY_CLASSICAL_CHANGES, Forbidden
1, 24, STRATEGY_MEDIEVAL_CHANGES, Forbidden
1, 24, STRATEGY_RENAISSANCE_CHANGES, Forbidden
1, 24, STRATEGY_INDUSTRIAL_CHANGES, Forbidden
1, 24, STRATEGY_MODERN_CHANGES, Forbidden
1, 24, STRATEGY_DARKAGE, Forbidden
1, 24, VICTORY_STRATEGY_DIPLOMATIC_VICTORY, Forbidden
1, 24, STRATEGY_ANCIENT_CHANGES, Forbidden
1, 62, VICTORY_STRATEGY_CULTURAL_VICTORY, Forbidden
1, 62, VICTORY_STRATEGY_MILITARY_VICTORY, Forbidden
1, 62, VICTORY_STRATEGY_RELIGIOUS_VICTORY, Forbidden
1, 62, VICTORY_STRATEGY_SCIENCE_VICTORY, Forbidden
1, 62, STRATEGY_EARLY_EXPLORATION, Forbidden
1, 62, STRATEGY_RAPID_EXPANSION, Forbidden
1, 62, STRATEGY_CLASSICAL_CHANGES, Forbidden
1, 62, STRATEGY_MEDIEVAL_CHANGES, Forbidden
1, 62, STRATEGY_RENAISSANCE_CHANGES, Forbidden
1, 62, STRATEGY_INDUSTRIAL_CHANGES, Forbidden
1, 62, STRATEGY_MODERN_CHANGES, Forbidden
1, 62, STRATEGY_DARKAGE, Forbidden
1, 62, VICTORY_STRATEGY_DIPLOMATIC_VICTORY, Forbidden
1, 62, STRATEGY_ANCIENT_CHANGES, Forbidden
1, 63, VICTORY_STRATEGY_CULTURAL_VICTORY, Forbidden
1, 63, VICTORY_STRATEGY_MILITARY_VICTORY, Forbidden
1, 63, VICTORY_STRATEGY_RELIGIOUS_VICTORY, Forbidden
1, 63, VICTORY_STRATEGY_SCIENCE_VICTORY, Forbidden
1, 63, STRATEGY_EARLY_EXPLORATION, Forbidden
1, 63, STRATEGY_RAPID_EXPANSION, Forbidden
1, 63, STRATEGY_CLASSICAL_CHANGES, Forbidden
1, 63, STRATEGY_MEDIEVAL_CHANGES, Forbidden
1, 63, STRATEGY_RENAISSANCE_CHANGES, Forbidden
1, 63, STRATEGY_INDUSTRIAL_CHANGES, Forbidden
1, 63, STRATEGY_MODERN_CHANGES, Forbidden
1, 63, STRATEGY_DARKAGE, Forbidden
1, 63, VICTORY_STRATEGY_DIPLOMATIC_VICTORY, Forbidden
1, 63, STRATEGY_ANCIENT_CHANGES, Forbidden
2, 7, VICTORY_STRATEGY_SCIENCE_VICTORY, Following
4, 6, VICTORY_STRATEGY_SCIENCE_VICTORY, Following
5, 0, VICTORY_STRATEGY_SCIENCE_VICTORY, Following
1, 0, VICTORY_STRATEGY_RELIGIOUS_VICTORY, Forbidden
1, 0, STRATEGY_EARLY_EXPLORATION, Following
1, 0, STRATEGY_RAPID_EXPANSION, Following
1, 0, STRATEGY_ANCIENT_CHANGES, Following
1, 1, VICTORY_STRATEGY_RELIGIOUS_VICTORY, Forbidden
1, 1, STRATEGY_EARLY_EXPLORATION, Following
1, 1, STRATEGY_RAPID_EXPANSION, Following
1, 1, STRATEGY_ANCIENT_CHANGES, Following
1, 2, VICTORY_STRATEGY_RELIGIOUS_VICTORY, Forbidden
1, 2, STRATEGY_EARLY_EXPLORATION, Following
1, 2, STRATEGY_RAPID_EXPANSION, Following
1, 2, STRATEGY_ANCIENT_CHANGES, Following
1, 3, VICTORY_STRATEGY_RELIGIOUS_VICTORY, Forbidden
1, 3, STRATEGY_EARLY_EXPLORATION, Following
1, 3, STRATEGY_RAPID_EXPANSION, Following
1, 3, STRATEGY_ANCIENT_CHANGES, Following
1, 4, VICTORY_STRATEGY_RELIGIOUS_VICTORY, Forbidden
1, 4, STRATEGY_EARLY_EXPLORATION, Following
1, 4, STRATEGY_RAPID_EXPANSION, Following
1, 4, STRATEGY_ANCIENT_CHANGES, Following
1, 5, VICTORY_STRATEGY_RELIGIOUS_VICTORY, Forbidden
1, 5, STRATEGY_EARLY_EXPLORATION, Following
1, 5, STRATEGY_RAPID_EXPANSION, Following
1, 5, STRATEGY_ANCIENT_CHANGES, Following
1, 6, VICTORY_STRATEGY_RELIGIOUS_VICTORY, Forbidden
1, 6, STRATEGY_EARLY_EXPLORATION, Following
1, 6, STRATEGY_RAPID_EXPANSION, Following
1, 6, STRATEGY_ANCIENT_CHANGES, Following
1, 7, VICTORY_STRATEGY_RELIGIOUS_VICTORY, Forbidden
1, 7, STRATEGY_EARLY_EXPLORATION, Following
1, 7, STRATEGY_RAPID_EXPANSION, Following
1, 7, STRATEGY_ANCIENT_CHANGES, Following
1, 8, VICTORY_STRATEGY_RELIGIOUS_VICTORY, Forbidden
1, 8, STRATEGY_EARLY_EXPLORATION, Following
1, 8, STRATEGY_RAPID_EXPANSION, Following
1, 8, VICTORY_STRATEGY_DIPLOMATIC_VICTORY, Following
1, 8, STRATEGY_ANCIENT_CHANGES, Following
1, 9, VICTORY_STRATEGY_RELIGIOUS_VICTORY, Forbidden
1, 9, STRATEGY_EARLY_EXPLORATION, Following
1, 9, STRATEGY_RAPID_EXPANSION, Following
1, 9, STRATEGY_ANCIENT_CHANGES, Following
1, 10, VICTORY_STRATEGY_CULTURAL_VICTORY, Forbidden
1, 10, VICTORY_STRATEGY_MILITARY_VICTORY, Forbidden
1, 10, VICTORY_STRATEGY_RELIGIOUS_VICTORY, Forbidden
1, 10, VICTORY_STRATEGY_SCIENCE_VICTORY, Forbidden
1, 10, STRATEGY_EARLY_EXPLORATION, Forbidden
1, 10, STRATEGY_RAPID_EXPANSION, Forbidden
1, 10, STRATEGY_CLASSICAL_CHANGES, Forbidden
1, 10, STRATEGY_MEDIEVAL_CHANGES, Forbidden
1, 10, STRATEGY_RENAISSANCE_CHANGES, Forbidden
1, 10, STRATEGY_INDUSTRIAL_CHANGES, Forbidden
1, 10, STRATEGY_MODERN_CHANGES, Forbidden
1, 10, STRATEGY_DARKAGE, Forbidden
1, 10, VICTORY_STRATEGY_DIPLOMATIC_VICTORY, Forbidden
1, 10, STRATEGY_ANCIENT_CHANGES, Forbidden
1, 11, VICTORY_STRATEGY_CULTURAL_VICTORY, Forbidden
1, 11, VICTORY_STRATEGY_MILITARY_VICTORY, Forbidden
1, 11, VICTORY_STRATEGY_RELIGIOUS_VICTORY, Forbidden
1, 11, VICTORY_STRATEGY_SCIENCE_VICTORY, Forbidden
1, 11, STRATEGY_EARLY_EXPLORATION, Forbidden
1, 11, STRATEGY_RAPID_EXPANSION, Forbidden
1, 11, STRATEGY_CLASSICAL_CHANGES, Forbidden
1, 11, STRATEGY_MEDIEVAL_CHANGES, Forbidden
1, 11, STRATEGY_RENAISSANCE_CHANGES, Forbidden
1, 11, STRATEGY_INDUSTRIAL_CHANGES, Forbidden
1, 11, STRATEGY_MODERN_CHANGES, Forbidden
1, 11, STRATEGY_DARKAGE, Forbidden
1, 11, VICTORY_STRATEGY_DIPLOMATIC_VICTORY, Forbidden
1, 11, STRATEGY_ANCIENT_CHANGES, Forbidden
1, 12, VICTORY_STRATEGY_CULTURAL_VICTORY, Forbidden
1, 12, VICTORY_STRATEGY_MILITARY_VICTORY, Forbidden
1, 12, VICTORY_STRATEGY_RELIGIOUS_VICTORY, Forbidden
1, 12, VICTORY_STRATEGY_SCIENCE_VICTORY, Forbidden
1, 12, STRATEGY_EARLY_EXPLORATION, Forbidden
1, 12, STRATEGY_RAPID_EXPANSION, Forbidden
1, 12, STRATEGY_CLASSICAL_CHANGES, Forbidden
1, 12, STRATEGY_MEDIEVAL_CHANGES, Forbidden
1, 12, STRATEGY_RENAISSANCE_CHANGES, Forbidden
1, 12, STRATEGY_INDUSTRIAL_CHANGES, Forbidden
1, 12, STRATEGY_MODERN_CHANGES, Forbidden
1, 12, STRATEGY_DARKAGE, Forbidden
1, 12, VICTORY_STRATEGY_DIPLOMATIC_VICTORY, Forbidden
1, 12, STRATEGY_ANCIENT_CHANGES, Forbidden
1, 13, VICTORY_STRATEGY_CULTURAL_VICTORY, Forbidden
1, 13, VICTORY_STRATEGY_MILITARY_VICTORY, Forbidden
1, 13, VICTORY_STRATEGY_RELIGIOUS_VICTORY, Forbidden
1, 13, VICTORY_STRATEGY_SCIENCE_VICTORY, Forbidden
1, 13, STRATEGY_EARLY_EXPLORATION, Forbidden
1, 13, STRATEGY_RAPID_EXPANSION, Forbidden
1, 13, STRATEGY_CLASSICAL_CHANGES, Forbidden
1, 13, STRATEGY_MEDIEVAL_CHANGES, Forbidden
1, 13, STRATEGY_RENAISSANCE_CHANGES, Forbidden
1, 13, STRATEGY_INDUSTRIAL_CHANGES, Forbidden
1, 13, STRATEGY_MODERN_CHANGES, Forbidden
1, 13, STRATEGY_DARKAGE, Forbidden
1, 13, VICTORY_STRATEGY_DIPLOMATIC_VICTORY, Forbidden
1, 13, STRATEGY_ANCIENT_CHANGES, Forbidden
1, 14, VICTORY_STRATEGY_CULTURAL_VICTORY, Forbidden
1, 14, VICTORY_STRATEGY_MILITARY_VICTORY, Forbidden
1, 14, VICTORY_STRATEGY_RELIGIOUS_VICTORY, Forbidden
1, 14, VICTORY_STRATEGY_SCIENCE_VICTORY, Forbidden
1, 14, STRATEGY_EARLY_EXPLORATION, Forbidden
1, 14, STRATEGY_RAPID_EXPANSION, Forbidden
1, 14, STRATEGY_CLASSICAL_CHANGES, Forbidden
1, 14, STRATEGY_MEDIEVAL_CHANGES, Forbidden
1, 14, STRATEGY_RENAISSANCE_CHANGES, Forbidden
1, 14, STRATEGY_INDUSTRIAL_CHANGES, Forbidden
1, 14, STRATEGY_MODERN_CHANGES, Forbidden
1, 14, STRATEGY_DARKAGE, Forbidden
1, 14, VICTORY_STRATEGY_DIPLOMATIC_VICTORY, Forbidden
1, 14, STRATEGY_ANCIENT_CHANGES, Forbidden
1, 15, VICTORY_STRATEGY_CULTURAL_VICTORY, Forbidden
1, 15, VICTORY_STRATEGY_MILITARY_VICTORY, Forbidden
1, 15, VICTORY_STRATEGY_RELIGIOUS_VICTORY, Forbidden
1, 15, VICTORY_STRATEGY_SCIENCE_VICTORY, Forbidden
1, 15, STRATEGY_EARLY_EXPLORATION, Forbidden
1, 15, STRATEGY_RAPID_EXPANSION, Forbidden
1, 15, STRATEGY_CLASSICAL_CHANGES, Forbidden
1, 15, STRATEGY_MEDIEVAL_CHANGES, Forbidden
1, 15, STRATEGY_RENAISSANCE_CHANGES, Forbidden
1, 15, STRATEGY_INDUSTRIAL_CHANGES, Forbidden
1, 15, STRATEGY_MODERN_CHANGES, Forbidden
1, 15, STRATEGY_DARKAGE, Forbidden
1, 15, VICTORY_STRATEGY_DIPLOMATIC_VICTORY, Forbidden
1, 15, STRATEGY_ANCIENT_CHANGES, Forbidden
1, 16, VICTORY_STRATEGY_CULTURAL_VICTORY, Forbidden
1, 16, VICTORY_STRATEGY_MILITARY_VICTORY, Forbidden
1, 16, VICTORY_STRATEGY_RELIGIOUS_VICTORY, Forbidden
1, 16, VICTORY_STRATEGY_SCIENCE_VICTORY, Forbidden
1, 16, STRATEGY_EARLY_EXPLORATION, Forbidden
1, 16, STRATEGY_RAPID_EXPANSION, Forbidden
1, 16, STRATEGY_CLASSICAL_CHANGES, Forbidden
1, 16, STRATEGY_MEDIEVAL_CHANGES, Forbidden
1, 16, STRATEGY_RENAISSANCE_CHANGES, Forbidden
1, 16, STRATEGY_INDUSTRIAL_CHANGES, Forbidden
1, 16, STRATEGY_MODERN_CHANGES, Forbidden
1, 16, STRATEGY_DARKAGE, Forbidden
1, 16, VICTORY_STRATEGY_DIPLOMATIC_VICTORY, Forbidden
1, 16, STRATEGY_ANCIENT_CHANGES, Forbidden
1, 17, VICTORY_STRATEGY_CULTURAL_VICTORY, Forbidden
1, 17, VICTORY_STRATEGY_MILITARY_VICTORY, Forbidden
1, 17, VICTORY_STRATEGY_RELIGIOUS_VICTORY, Forbidden
1, 17, VICTORY_STRATEGY_SCIENCE_VICTORY, Forbidden
1, 17, STRATEGY_EARLY_EXPLORATION, Forbidden
1, 17, STRATEGY_RAPID_EXPANSION, Forbidden
1, 17, STRATEGY_CLASSICAL_CHANGES, Forbidden
1, 17, STRATEGY_MEDIEVAL_CHANGES, Forbidden
1, 17, STRATEGY_RENAISSANCE_CHANGES, Forbidden
1, 17, STRATEGY_INDUSTRIAL_CHANGES, Forbidden
1, 17, STRATEGY_MODERN_CHANGES, Forbidden
1, 17, STRATEGY_DARKAGE, Forbidden
1, 17, VICTORY_STRATEGY_DIPLOMATIC_VICTORY, Forbidden
1, 17, STRATEGY_ANCIENT_CHANGES, Forbidden
1, 18, VICTORY_STRATEGY_CULTURAL_VICTORY, Forbidden
1, 18, VICTORY_STRATEGY_MILITARY_VICTORY, Forbidden
1, 18, VICTORY_STRATEGY_RELIGIOUS_VICTORY, Forbidden
1, 18, VICTORY_STRATEGY_SCIENCE_VICTORY, Forbidden
1, 18, STRATEGY_EARLY_EXPLORATION, Forbidden
1, 18, STRATEGY_RAPID_EXPANSION, Forbidden
1, 18, STRATEGY_CLASSICAL_CHANGES, Forbidden
1, 18, STRATEGY_MEDIEVAL_CHANGES, Forbidden
1, 18, STRATEGY_RENAISSANCE_CHANGES, Forbidden
1, 18, STRATEGY_INDUSTRIAL_CHANGES, Forbidden
1, 18, STRATEGY_MODERN_CHANGES, Forbidden
1, 18, STRATEGY_DARKAGE, Forbidden
1, 18, VICTORY_STRATEGY_DIPLOMATIC_VICTORY, Forbidden
1, 18, STRATEGY_ANCIENT_CHANGES, Forbidden
1, 19, VICTORY_STRATEGY_CULTURAL_VICTORY, Forbidden
1, 19, VICTORY_STRATEGY_MILITARY_VICTORY, Forbidden
1, 19, VICTORY_STRATEGY_RELIGIOUS_VICTORY, Forbidden
1, 19, VICTORY_STRATEGY_SCIENCE_VICTORY, Forbidden
1, 19, STRATEGY_EARLY_EXPLORATION, Forbidden
1, 19, STRATEGY_RAPID_EXPANSION, Forbidden
1, 19, STRATEGY_CLASSICAL_CHANGES, Forbidden
1, 19, STRATEGY_MEDIEVAL_CHANGES, Forbidden
1, 19, STRATEGY_RENAISSANCE_CHANGES, Forbidden
1, 19, STRATEGY_INDUSTRIAL_CHANGES, Forbidden
1, 19, STRATEGY_MODERN_CHANGES, Forbidden
1, 19, STRATEGY_DARKAGE, Forbidden
1, 19, VICTORY_STRATEGY_DIPLOMATIC_VICTORY, Forbidden
1, 19, STRATEGY_ANCIENT_CHANGES, Forbidden
1, 20, VICTORY_STRATEGY_CULTURAL_VICTORY, Forbidden
1, 20, VICTORY_STRATEGY_MILITARY_VICTORY, Forbidden
1, 20, VICTORY_STRATEGY_RELIGIOUS_VICTORY, Forbidden
1, 20, VICTORY_STRATEGY_SCIENCE_VICTORY, Forbidden
1, 20, STRATEGY_EARLY_EXPLORATION, Forbidden
1, 20, STRATEGY_RAPID_EXPANSION, Forbidden
1, 20, STRATEGY_CLASSICAL_CHANGES, Forbidden
1, 20, STRATEGY_MEDIEVAL_CHANGES, Forbidden
1, 20, STRATEGY_RENAISSANCE_CHANGES, Forbidden
1, 20, STRATEGY_INDUSTRIAL_CHANGES, Forbidden
1, 20, STRATEGY_MODERN_CHANGES, Forbidden
1, 20, STRATEGY_DARKAGE, Forbidden
1, 20, VICTORY_STRATEGY_DIPLOMATIC_VICTORY, Forbidden
1, 20, STRATEGY_ANCIENT_CHANGES, Forbidden
1, 21, VICTORY_STRATEGY_CULTURAL_VICTORY, Forbidden
1, 21, VICTORY_STRATEGY_MILITARY_VICTORY, Forbidden
1, 21, VICTORY_STRATEGY_RELIGIOUS_VICTORY, Forbidden
1, 21, VICTORY_STRATEGY_SCIENCE_VICTORY, Forbidden
1, 21, STRATEGY_EARLY_EXPLORATION, Forbidden
1, 21, STRATEGY_RAPID_EXPANSION, Forbidden
1, 21, STRATEGY_CLASSICAL_CHANGES, Forbidden
1, 21, STRATEGY_MEDIEVAL_CHANGES, Forbidden
1, 21, STRATEGY_RENAISSANCE_CHANGES, Forbidden
1, 21, STRATEGY_INDUSTRIAL_CHANGES, Forbidden
1, 21, STRATEGY_MODERN_CHANGES, Forbidden
1, 21, STRATEGY_DARKAGE, Forbidden
1, 21, VICTORY_STRATEGY_DIPLOMATIC_VICTORY, Forbidden
1, 21, STRATEGY_ANCIENT_CHANGES, Forbidden
1, 22, VICTORY_STRATEGY_CULTURAL_VICTORY, Forbidden
1, 22, VICTORY_STRATEGY_MILITARY_VICTORY, Forbidden
1, 22, VICTORY_STRATEGY_RELIGIOUS_VICTORY, Forbidden
1, 22, VICTORY_STRATEGY_SCIENCE_VICTORY, Forbidden
1, 22, STRATEGY_EARLY_EXPLORATION, Forbidden
1, 22, STRATEGY_RAPID_EXPANSION, Forbidden
1, 22, STRATEGY_CLASSICAL_CHANGES, Forbidden
1, 22, STRATEGY_MEDIEVAL_CHANGES, Forbidden
1, 22, STRATEGY_RENAISSANCE_CHANGES, Forbidden
1, 22, STRATEGY_INDUSTRIAL_CHANGES, Forbidden
1, 22, STRATEGY_MODERN_CHANGES, Forbidden
1, 22, STRATEGY_DARKAGE, Forbidden
1, 22, VICTORY_STRATEGY_DIPLOMATIC_VICTORY, Forbidden
1, 22, STRATEGY_ANCIENT_CHANGES, Forbidden
1, 23, VICTORY_STRATEGY_CULTURAL_VICTORY, Forbidden
1, 23, VICTORY_STRATEGY_MILITARY_VICTORY, Forbidden
1, 23, VICTORY_STRATEGY_RELIGIOUS_VICTORY, Forbidden
1, 23, VICTORY_STRATEGY_SCIENCE_VICTORY, Forbidden
1, 23, STRATEGY_EARLY_EXPLORATION, Forbidden
1, 23, STRATEGY_RAPID_EXPANSION, Forbidden
1, 23, STRATEGY_CLASSICAL_CHANGES, Forbidden
1, 23, STRATEGY_MEDIEVAL_CHANGES, Forbidden
1, 23, STRATEGY_RENAISSANCE_CHANGES, Forbidden
1, 23, STRATEGY_INDUSTRIAL_CHANGES, Forbidden
1, 23, STRATEGY_MODERN_CHANGES, Forbidden
1, 23, STRATEGY_DARKAGE, Forbidden
1, 23, VICTORY_STRATEGY_DIPLOMATIC_VICTORY, Forbidden
1, 23, STRATEGY_ANCIENT_CHANGES, Forbidden
1, 24, VICTORY_STRATEGY_CULTURAL_VICTORY, Forbidden
1, 24, VICTORY_STRATEGY_MILITARY_VICTORY, Forbidden
1, 24, VICTORY_STRATEGY_RELIGIOUS_VICTORY, Forbidden
1, 24, VICTORY_STRATEGY_SCIENCE_VICTORY, Forbidden
1, 24, STRATEGY_EARLY_EXPLORATION, Forbidden
1, 24, STRATEGY_RAPID_EXPANSION, Forbidden
1, 24, STRATEGY_CLASSICAL_CHANGES, Forbidden
1, 24, STRATEGY_MEDIEVAL_CHANGES, Forbidden
1, 24, STRATEGY_RENAISSANCE_CHANGES, Forbidden
1, 24, STRATEGY_INDUSTRIAL_CHANGES, Forbidden
1, 24, STRATEGY_MODERN_CHANGES, Forbidden
1, 24, STRATEGY_DARKAGE, Forbidden
1, 24, VICTORY_STRATEGY_DIPLOMATIC_VICTORY, Forbidden
1, 24, STRATEGY_ANCIENT_CHANGES, Forbidden
1, 62, VICTORY_STRATEGY_CULTURAL_VICTORY, Forbidden
1, 62, VICTORY_STRATEGY_MILITARY_VICTORY, Forbidden
1, 62, VICTORY_STRATEGY_RELIGIOUS_VICTORY, Forbidden
1, 62, VICTORY_STRATEGY_SCIENCE_VICTORY, Forbidden
1, 62, STRATEGY_EARLY_EXPLORATION, Forbidden
1, 62, STRATEGY_RAPID_EXPANSION, Forbidden
1, 62, STRATEGY_CLASSICAL_CHANGES, Forbidden
1, 62, STRATEGY_MEDIEVAL_CHANGES, Forbidden
1, 62, STRATEGY_RENAISSANCE_CHANGES, Forbidden
1, 62, STRATEGY_INDUSTRIAL_CHANGES, Forbidden
1, 62, STRATEGY_MODERN_CHANGES, Forbidden
1, 62, STRATEGY_DARKAGE, Forbidden
1, 62, VICTORY_STRATEGY_DIPLOMATIC_VICTORY, Forbidden
1, 62, STRATEGY_ANCIENT_CHANGES, Forbidden
1, 63, VICTORY_STRATEGY_CULTURAL_VICTORY, Forbidden
1, 63, VICTORY_STRATEGY_MILITARY_VICTORY, Forbidden
1, 63, VICTORY_STRATEGY_RELIGIOUS_VICTORY, Forbidden
1, 63, VICTORY_STRATEGY_SCIENCE_VICTORY, Forbidden
1, 63, STRATEGY_EARLY_EXPLORATION, Forbidden
1, 63, STRATEGY_RAPID_EXPANSION, Forbidden
1, 63, STRATEGY_CLASSICAL_CHANGES, Forbidden
1, 63, STRATEGY_MEDIEVAL_CHANGES, Forbidden
1, 63, STRATEGY_RENAISSANCE_CHANGES, Forbidden
1, 63, STRATEGY_INDUSTRIAL_CHANGES, Forbidden
1, 63, STRATEGY_MODERN_CHANGES, Forbidden
1, 63, STRATEGY_DARKAGE, Forbidden
1, 63, VICTORY_STRATEGY_DIPLOMATIC_VICTORY, Forbidden
1, 63, STRATEGY_ANCIENT_CHANGES, Forbidden
1, 0, VICTORY_STRATEGY_RELIGIOUS_VICTORY, Forbidden
1, 0, STRATEGY_EARLY_EXPLORATION, Following
1, 0, STRATEGY_RAPID_EXPANSION, Following
1, 0, STRATEGY_ANCIENT_CHANGES, Following
1, 1, VICTORY_STRATEGY_RELIGIOUS_VICTORY, Forbidden
1, 1, STRATEGY_EARLY_EXPLORATION, Following
1, 1, STRATEGY_RAPID_EXPANSION, Following
1, 1, STRATEGY_ANCIENT_CHANGES, Following
1, 2, VICTORY_STRATEGY_RELIGIOUS_VICTORY, Forbidden
1, 2, STRATEGY_EARLY_EXPLORATION, Following
1, 2, STRATEGY_RAPID_EXPANSION, Following
1, 2, STRATEGY_ANCIENT_CHANGES, Following
1, 3, VICTORY_STRATEGY_RELIGIOUS_VICTORY, Forbidden
1, 3, STRATEGY_EARLY_EXPLORATION, Following
1, 3, STRATEGY_RAPID_EXPANSION, Following
1, 3, STRATEGY_ANCIENT_CHANGES, Following
1, 4, VICTORY_STRATEGY_RELIGIOUS_VICTORY, Forbidden
1, 4, STRATEGY_EARLY_EXPLORATION, Following
1, 4, STRATEGY_RAPID_EXPANSION, Following
1, 4, STRATEGY_ANCIENT_CHANGES, Following
1, 5, VICTORY_STRATEGY_RELIGIOUS_VICTORY, Forbidden
1, 5, STRATEGY_EARLY_EXPLORATION, Following
1, 5, STRATEGY_RAPID_EXPANSION, Following
1, 5, STRATEGY_ANCIENT_CHANGES, Following
1, 6, VICTORY_STRATEGY_RELIGIOUS_VICTORY, Forbidden
1, 6, STRATEGY_EARLY_EXPLORATION, Following
1, 6, STRATEGY_RAPID_EXPANSION, Following
1, 6, STRATEGY_ANCIENT_CHANGES, Following
1, 7, VICTORY_STRATEGY_RELIGIOUS_VICTORY, Forbidden
1, 7, STRATEGY_EARLY_EXPLORATION, Following
1, 7, STRATEGY_RAPID_EXPANSION, Following
1, 7, STRATEGY_ANCIENT_CHANGES, Following
1, 8, VICTORY_STRATEGY_RELIGIOUS_VICTORY, Forbidden
1, 8, STRATEGY_EARLY_EXPLORATION, Following
1, 8, STRATEGY_RAPID_EXPANSION, Following
1, 8, STRATEGY_ANCIENT_CHANGES, Following
1, 9, VICTORY_STRATEGY_RELIGIOUS_VICTORY, Forbidden
1, 9, STRATEGY_EARLY_EXPLORATION, Following
1, 9, STRATEGY_RAPID_EXPANSION, Following
1, 9, STRATEGY_ANCIENT_CHANGES, Following
1, 10, VICTORY_STRATEGY_CULTURAL_VICTORY, Forbidden
1, 10, VICTORY_STRATEGY_MILITARY_VICTORY, Forbidden
1, 10, VICTORY_STRATEGY_RELIGIOUS_VICTORY, Forbidden
1, 10, VICTORY_STRATEGY_SCIENCE_VICTORY, Forbidden
1, 10, STRATEGY_EARLY_EXPLORATION, Forbidden
1, 10, STRATEGY_RAPID_EXPANSION, Forbidden
1, 10, STRATEGY_CLASSICAL_CHANGES, Forbidden
1, 10, STRATEGY_MEDIEVAL_CHANGES, Forbidden
1, 10, STRATEGY_RENAISSANCE_CHANGES, Forbidden
1, 10, STRATEGY_INDUSTRIAL_CHANGES, Forbidden
1, 10, STRATEGY_MODERN_CHANGES, Forbidden
1, 10, STRATEGY_DARKAGE, Forbidden
1, 10, VICTORY_STRATEGY_DIPLOMATIC_VICTORY, Forbidden
1, 10, STRATEGY_ANCIENT_CHANGES, Forbidden
1, 11, VICTORY_STRATEGY_CULTURAL_VICTORY, Forbidden
1, 11, VICTORY_STRATEGY_MILITARY_VICTORY, Forbidden
1, 11, VICTORY_STRATEGY_RELIGIOUS_VICTORY, Forbidden
1, 11, VICTORY_STRATEGY_SCIENCE_VICTORY, Forbidden
1, 11, STRATEGY_EARLY_EXPLORATION, Forbidden
1, 11, STRATEGY_RAPID_EXPANSION, Forbidden
1, 11, STRATEGY_CLASSICAL_CHANGES, Forbidden
1, 11, STRATEGY_MEDIEVAL_CHANGES, Forbidden
1, 11, STRATEGY_RENAISSANCE_CHANGES, Forbidden
1, 11, STRATEGY_INDUSTRIAL_CHANGES, Forbidden
1, 11, STRATEGY_MODERN_CHANGES, Forbidden
1, 11, STRATEGY_DARKAGE, Forbidden
1, 11, VICTORY_STRATEGY_DIPLOMATIC_VICTORY, Forbidden
1, 11, STRATEGY_ANCIENT_CHANGES, Forbidden
1, 12, VICTORY_STRATEGY_CULTURAL_VICTORY, Forbidden
1, 12, VICTORY_STRATEGY_MILITARY_VICTORY, Forbidden
1, 12, VICTORY_STRATEGY_RELIGIOUS_VICTORY, Forbidden
1, 12, VICTORY_STRATEGY_SCIENCE_VICTORY, Forbidden
1, 12, STRATEGY_EARLY_EXPLORATION, Forbidden
1, 12, STRATEGY_RAPID_EXPANSION, Forbidden
1, 12, STRATEGY_CLASSICAL_CHANGES, Forbidden
1, 12, STRATEGY_MEDIEVAL_CHANGES, Forbidden
1, 12, STRATEGY_RENAISSANCE_CHANGES, Forbidden
1, 12, STRATEGY_INDUSTRIAL_CHANGES, Forbidden
1, 12, STRATEGY_MODERN_CHANGES, Forbidden
1, 12, STRATEGY_DARKAGE, Forbidden
1, 12, VICTORY_STRATEGY_DIPLOMATIC_VICTORY, Forbidden
1, 12, STRATEGY_ANCIENT_CHANGES, Forbidden
1, 13, VICTORY_STRATEGY_CULTURAL_VICTORY, Forbidden
1, 13, VICTORY_STRATEGY_MILITARY_VICTORY, Forbidden
1, 13, VICTORY_STRATEGY_RELIGIOUS_VICTORY, Forbidden
1, 13, VICTORY_STRATEGY_SCIENCE_VICTORY, Forbidden
1, 13, STRATEGY_EARLY_EXPLORATION, Forbidden
1, 13, STRATEGY_RAPID_EXPANSION, Forbidden
1, 13, STRATEGY_CLASSICAL_CHANGES, Forbidden
1, 13, STRATEGY_MEDIEVAL_CHANGES, Forbidden
1, 13, STRATEGY_RENAISSANCE_CHANGES, Forbidden
1, 13, STRATEGY_INDUSTRIAL_CHANGES, Forbidden
1, 13, STRATEGY_MODERN_CHANGES, Forbidden
1, 13, STRATEGY_DARKAGE, Forbidden
1, 13, VICTORY_STRATEGY_DIPLOMATIC_VICTORY, Forbidden
1, 13, STRATEGY_ANCIENT_CHANGES, Forbidden
1, 14, VICTORY_STRATEGY_CULTURAL_VICTORY, Forbidden
1, 14, VICTORY_STRATEGY_MILITARY_VICTORY, Forbidden
1, 14, VICTORY_STRATEGY_RELIGIOUS_VICTORY, Forbidden
1, 14, VICTORY_STRATEGY_SCIENCE_VICTORY, Forbidden
1, 14, STRATEGY_EARLY_EXPLORATION, Forbidden
1, 14, STRATEGY_RAPID_EXPANSION, Forbidden
1, 14, STRATEGY_CLASSICAL_CHANGES, Forbidden
1, 14, STRATEGY_MEDIEVAL_CHANGES, Forbidden
1, 14, STRATEGY_RENAISSANCE_CHANGES, Forbidden
1, 14, STRATEGY_INDUSTRIAL_CHANGES, Forbidden
1, 14, STRATEGY_MODERN_CHANGES, Forbidden
1, 14, STRATEGY_DARKAGE, Forbidden
1, 14, VICTORY_STRATEGY_DIPLOMATIC_VICTORY, Forbidden
1, 14, STRATEGY_ANCIENT_CHANGES, Forbidden
1, 15, VICTORY_STRATEGY_CULTURAL_VICTORY, Forbidden
1, 15, VICTORY_STRATEGY_MILITARY_VICTORY, Forbidden
1, 15, VICTORY_STRATEGY_RELIGIOUS_VICTORY, Forbidden
1, 15, VICTORY_STRATEGY_SCIENCE_VICTORY, Forbidden
1, 15, STRATEGY_EARLY_EXPLORATION, Forbidden
1, 15, STRATEGY_RAPID_EXPANSION, Forbidden
1, 15, STRATEGY_CLASSICAL_CHANGES, Forbidden
1, 15, STRATEGY_MEDIEVAL_CHANGES, Forbidden
1, 15, STRATEGY_RENAISSANCE_CHANGES, Forbidden
1, 15, STRATEGY_INDUSTRIAL_CHANGES, Forbidden
1, 15, STRATEGY_MODERN_CHANGES, Forbidden
1, 15, STRATEGY_DARKAGE, Forbidden
1, 15, VICTORY_STRATEGY_DIPLOMATIC_VICTORY, Forbidden
1, 15, STRATEGY_ANCIENT_CHANGES, Forbidden
1, 16, VICTORY_STRATEGY_CULTURAL_VICTORY, Forbidden
1, 16, VICTORY_STRATEGY_MILITARY_VICTORY, Forbidden
1, 16, VICTORY_STRATEGY_RELIGIOUS_VICTORY, Forbidden
1, 16, VICTORY_STRATEGY_SCIENCE_VICTORY, Forbidden
1, 16, STRATEGY_EARLY_EXPLORATION, Forbidden
1, 16, STRATEGY_RAPID_EXPANSION, Forbidden
1, 16, STRATEGY_CLASSICAL_CHANGES, Forbidden
1, 16, STRATEGY_MEDIEVAL_CHANGES, Forbidden
1, 16, STRATEGY_RENAISSANCE_CHANGES, Forbidden
1, 16, STRATEGY_INDUSTRIAL_CHANGES, Forbidden
1, 16, STRATEGY_MODERN_CHANGES, Forbidden
1, 16, STRATEGY_DARKAGE, Forbidden
1, 16, VICTORY_STRATEGY_DIPLOMATIC_VICTORY, Forbidden
1, 16, STRATEGY_ANCIENT_CHANGES, Forbidden
1, 17, VICTORY_STRATEGY_CULTURAL_VICTORY, Forbidden
1, 17, VICTORY_STRATEGY_MILITARY_VICTORY, Forbidden
1, 17, VICTORY_STRATEGY_RELIGIOUS_VICTORY, Forbidden
1, 17, VICTORY_STRATEGY_SCIENCE_VICTORY, Forbidden
1, 17, STRATEGY_EARLY_EXPLORATION, Forbidden
1, 17, STRATEGY_RAPID_EXPANSION, Forbidden
1, 17, STRATEGY_CLASSICAL_CHANGES, Forbidden
1, 17, STRATEGY_MEDIEVAL_CHANGES, Forbidden
1, 17, STRATEGY_RENAISSANCE_CHANGES, Forbidden
1, 17, STRATEGY_INDUSTRIAL_CHANGES, Forbidden
1, 17, STRATEGY_MODERN_CHANGES, Forbidden
1, 17, STRATEGY_DARKAGE, Forbidden
1, 17, VICTORY_STRATEGY_DIPLOMATIC_VICTORY, Forbidden
1, 17, STRATEGY_ANCIENT_CHANGES, Forbidden
1, 18, VICTORY_STRATEGY_CULTURAL_VICTORY, Forbidden
1, 18, VICTORY_STRATEGY_MILITARY_VICTORY, Forbidden
1, 18, VICTORY_STRATEGY_RELIGIOUS_VICTORY, Forbidden
1, 18, VICTORY_STRATEGY_SCIENCE_VICTORY, Forbidden
1, 18, STRATEGY_EARLY_EXPLORATION, Forbidden
1, 18, STRATEGY_RAPID_EXPANSION, Forbidden
1, 18, STRATEGY_CLASSICAL_CHANGES, Forbidden
1, 18, STRATEGY_MEDIEVAL_CHANGES, Forbidden
1, 18, STRATEGY_RENAISSANCE_CHANGES, Forbidden
1, 18, STRATEGY_INDUSTRIAL_CHANGES, Forbidden
1, 18, STRATEGY_MODERN_CHANGES, Forbidden
1, 18, STRATEGY_DARKAGE, Forbidden
1, 18, VICTORY_STRATEGY_DIPLOMATIC_VICTORY, Forbidden
1, 18, STRATEGY_ANCIENT_CHANGES, Forbidden
1, 19, VICTORY_STRATEGY_CULTURAL_VICTORY, Forbidden
1, 19, VICTORY_STRATEGY_MILITARY_VICTORY, Forbidden
1, 19, VICTORY_STRATEGY_RELIGIOUS_VICTORY, Forbidden
1, 19, VICTORY_STRATEGY_SCIENCE_VICTORY, Forbidden
1, 19, STRATEGY_EARLY_EXPLORATION, Forbidden
1, 19, STRATEGY_RAPID_EXPANSION, Forbidden
1, 19, STRATEGY_CLASSICAL_CHANGES, Forbidden
1, 19, STRATEGY_MEDIEVAL_CHANGES, Forbidden
1, 19, STRATEGY_RENAISSANCE_CHANGES, Forbidden
1, 19, STRATEGY_INDUSTRIAL_CHANGES, Forbidden
1, 19, STRATEGY_MODERN_CHANGES, Forbidden
1, 19, STRATEGY_DARKAGE, Forbidden
1, 19, VICTORY_STRATEGY_DIPLOMATIC_VICTORY, Forbidden
1, 19, STRATEGY_ANCIENT_CHANGES, Forbidden
1, 20, VICTORY_STRATEGY_CULTURAL_VICTORY, Forbidden
1, 20, VICTORY_STRATEGY_MILITARY_VICTORY, Forbidden
1, 20, VICTORY_STRATEGY_RELIGIOUS_VICTORY, Forbidden
1, 20, VICTORY_STRATEGY_SCIENCE_VICTORY, Forbidden
1, 20, STRATEGY_EARLY_EXPLORATION, Forbidden
1, 20, STRATEGY_RAPID_EXPANSION, Forbidden
1, 20, STRATEGY_CLASSICAL_CHANGES, Forbidden
1, 20, STRATEGY_MEDIEVAL_CHANGES, Forbidden
1, 20, STRATEGY_RENAISSANCE_CHANGES, Forbidden
1, 20, STRATEGY_INDUSTRIAL_CHANGES, Forbidden
1, 20, STRATEGY_MODERN_CHANGES, Forbidden
1, 20, STRATEGY_DARKAGE, Forbidden
1, 20, VICTORY_STRATEGY_DIPLOMATIC_VICTORY, Forbidden
1, 20, STRATEGY_ANCIENT_CHANGES, Forbidden
1, 21, VICTORY_STRATEGY_CULTURAL_VICTORY, Forbidden
1, 21, VICTORY_STRATEGY_MILITARY_VICTORY, Forbidden
1, 21, VICTORY_STRATEGY_RELIGIOUS_VICTORY, Forbidden
1, 21, VICTORY_STRATEGY_SCIENCE_VICTORY, Forbidden
1, 21, STRATEGY_EARLY_EXPLORATION, Forbidden
1, 21, STRATEGY_RAPID_EXPANSION, Forbidden
1, 21, STRATEGY_CLASSICAL_CHANGES, Forbidden
1, 21, STRATEGY_MEDIEVAL_CHANGES, Forbidden
1, 21, STRATEGY_RENAISSANCE_CHANGES, Forbidden
1, 21, STRATEGY_INDUSTRIAL_CHANGES, Forbidden
1, 21, STRATEGY_MODERN_CHANGES, Forbidden
1, 21, STRATEGY_DARKAGE, Forbidden
1, 21, VICTORY_STRATEGY_DIPLOMATIC_VICTORY, Forbidden
1, 21, STRATEGY_ANCIENT_CHANGES, Forbidden
1, 22, VICTORY_STRATEGY_CULTURAL_VICTORY, Forbidden
1, 22, VICTORY_STRATEGY_MILITARY_VICTORY, Forbidden
1, 22, VICTORY_STRATEGY_RELIGIOUS_VICTORY, Forbidden
1, 22, VICTORY_STRATEGY_SCIENCE_VICTORY, Forbidden
1, 22, STRATEGY_EARLY_EXPLORATION, Forbidden
1, 22, STRATEGY_RAPID_EXPANSION, Forbidden
1, 22, STRATEGY_CLASSICAL_CHANGES, Forbidden
1, 22, STRATEGY_MEDIEVAL_CHANGES, Forbidden
1, 22, STRATEGY_RENAISSANCE_CHANGES, Forbidden
1, 22, STRATEGY_INDUSTRIAL_CHANGES, Forbidden
1, 22, STRATEGY_MODERN_CHANGES, Forbidden
1, 22, STRATEGY_DARKAGE, Forbidden
1, 22, VICTORY_STRATEGY_DIPLOMATIC_VICTORY, Forbidden
1, 22, STRATEGY_ANCIENT_CHANGES, Forbidden
1, 23, VICTORY_STRATEGY_CULTURAL_VICTORY, Forbidden
1, 23, VICTORY_STRATEGY_MILITARY_VICTORY, Forbidden
1, 23, VICTORY_STRATEGY_RELIGIOUS_VICTORY, Forbidden
1, 23, VICTORY_STRATEGY_SCIENCE_VICTORY, Forbidden
1, 23, STRATEGY_EARLY_EXPLORATION, Forbidden
1, 23, STRATEGY_RAPID_EXPANSION, Forbidden
1, 23, STRATEGY_CLASSICAL_CHANGES, Forbidden
1, 23, STRATEGY_MEDIEVAL_CHANGES, Forbidden
1, 23, STRATEGY_RENAISSANCE_CHANGES, Forbidden
1, 23, STRATEGY_INDUSTRIAL_CHANGES, Forbidden
1, 23, STRATEGY_MODERN_CHANGES, Forbidden
1, 23, STRATEGY_DARKAGE, Forbidden
1, 23, VICTORY_STRATEGY_DIPLOMATIC_VICTORY, Forbidden
1, 23, STRATEGY_ANCIENT_CHANGES, Forbidden
1, 24, VICTORY_STRATEGY_CULTURAL_VICTORY, Forbidden
1, 24, VICTORY_STRATEGY_MILITARY_VICTORY, Forbidden
1, 24, VICTORY_STRATEGY_RELIGIOUS_VICTORY, Forbidden
1, 24, VICTORY_STRATEGY_SCIENCE_VICTORY, Forbidden
1, 24, STRATEGY_EARLY_EXPLORATION, Forbidden
1, 24, STRATEGY_RAPID_EXPANSION, Forbidden
1, 24, STRATEGY_CLASSICAL_CHANGES, Forbidden
1, 24, STRATEGY_MEDIEVAL_CHANGES, Forbidden
1, 24, STRATEGY_RENAISSANCE_CHANGES, Forbidden
1, 24, STRATEGY_INDUSTRIAL_CHANGES, Forbidden
1, 24, STRATEGY_MODERN_CHANGES, Forbidden
1, 24, STRATEGY_DARKAGE, Forbidden
1, 24, VICTORY_STRATEGY_DIPLOMATIC_VICTORY, Forbidden
1, 24, STRATEGY_ANCIENT_CHANGES, Forbidden
1, 62, VICTORY_STRATEGY_CULTURAL_VICTORY, Forbidden
1, 62, VICTORY_STRATEGY_MILITARY_VICTORY, Forbidden
1, 62, VICTORY_STRATEGY_RELIGIOUS_VICTORY, Forbidden
1, 62, VICTORY_STRATEGY_SCIENCE_VICTORY, Forbidden
1, 62, STRATEGY_EARLY_EXPLORATION, Forbidden
1, 62, STRATEGY_RAPID_EXPANSION, Forbidden
1, 62, STRATEGY_CLASSICAL_CHANGES, Forbidden
1, 62, STRATEGY_MEDIEVAL_CHANGES, Forbidden
1, 62, STRATEGY_RENAISSANCE_CHANGES, Forbidden
1, 62, STRATEGY_INDUSTRIAL_CHANGES, Forbidden
1, 62, STRATEGY_MODERN_CHANGES, Forbidden
1, 62, STRATEGY_DARKAGE, Forbidden
1, 62, VICTORY_STRATEGY_DIPLOMATIC_VICTORY, Forbidden
1, 62, STRATEGY_ANCIENT_CHANGES, Forbidden
1, 63, VICTORY_STRATEGY_CULTURAL_VICTORY, Forbidden
1, 63, VICTORY_STRATEGY_MILITARY_VICTORY, Forbidden
1, 63, VICTORY_STRATEGY_RELIGIOUS_VICTORY, Forbidden
1, 63, VICTORY_STRATEGY_SCIENCE_VICTORY, Forbidden
1, 63, STRATEGY_EARLY_EXPLORATION, Forbidden
1, 63, STRATEGY_RAPID_EXPANSION, Forbidden
1, 63, STRATEGY_CLASSICAL_CHANGES, Forbidden
1, 63, STRATEGY_MEDIEVAL_CHANGES, Forbidden
1, 63, STRATEGY_RENAISSANCE_CHANGES, Forbidden
1, 63, STRATEGY_INDUSTRIAL_CHANGES, Forbidden
1, 63, STRATEGY_MODERN_CHANGES, Forbidden
1, 63, STRATEGY_DARKAGE, Forbidden
1, 63, VICTORY_STRATEGY_DIPLOMATIC_VICTORY, Forbidden
1, 63, STRATEGY_ANCIENT_CHANGES, Forbidden
2, 6, VICTORY_STRATEGY_SCIENCE_VICTORY, Following
2, 7, VICTORY_STRATEGY_SCIENCE_VICTORY, Following
3, 23, STRATEGY_NAVAL, Following
5, 1, STRATEGY_NAVAL, Following
6, 0, VICTORY_STRATEGY_SCIENCE_VICTORY, Following
6, 1, VICTORY_STRATEGY_SCIENCE_VICTORY, Following
6, 5, STRATEGY_NAVAL, Following
7, 2, VICTORY_STRATEGY_SCIENCE_VICTORY, Following
7, 5, VICTORY_STRATEGY_SCIENCE_VICTORY, Following
7, 9, VICTORY_STRATEGY_MILITARY_VICTORY, Following
10, 8, STRATEGY_NAVAL, Following
11, 9, STRATEGY_NAVAL, Following
15, 6, STRATEGY_NAVAL, Following
17, 4, STRATEGY_NAVAL, Following
18, 5, STRATEGY_CLASSICAL_CHANGES, Following
21, 1, STRATEGY_EARLY_EXPLORATION, Stopped
21, 2, STRATEGY_EARLY_EXPLORATION, Stopped
21, 3, STRATEGY_EARLY_EXPLORATION, Stopped
21, 4, STRATEGY_EARLY_EXPLORATION, Stopped
21, 5, STRATEGY_EARLY_EXPLORATION, Stopped
21, 6, STRATEGY_EARLY_EXPLORATION, Stopped
21, 7, STRATEGY_EARLY_EXPLORATION, Stopped
21, 8, STRATEGY_EARLY_EXPLORATION, Stopped
21, 9, STRATEGY_EARLY_EXPLORATION, Stopped
22, 7, VICTORY_STRATEGY_SCIENCE_VICTORY, Stopped
23, 8, VICTORY_STRATEGY_SCIENCE_VICTORY, Following
24, 9, STRATEGY_RAPID_EXPANSION, Stopped
25, 6, VICTORY_STRATEGY_SCIENCE_VICTORY, Stopped
26, 0, VICTORY_STRATEGY_SCIENCE_VICTORY, Stopped
26, 4, STRATEGY_CLASSICAL_CHANGES, Following
27, 5, VICTORY_STRATEGY_SCIENCE_VICTORY, Stopped
27, 9, VICTORY_STRATEGY_MILITARY_VICTORY, Stopped
30, 2, VICTORY_STRATEGY_SCIENCE_VICTORY, Stopped
30, 12, STRATEGY_NAVAL, Following
32, 4, STRATEGY_RAPID_EXPANSION, Stopped
33, 0, STRATEGY_EARLY_EXPLORATION, Stopped
34, 2, STRATEGY_RAPID_EXPANSION, Stopped
34, 2, STRATEGY_CLASSICAL_CHANGES, Following
35, 1, STRATEGY_CLASSICAL_CHANGES, Following
36, 6, STRATEGY_RAPID_EXPANSION, Stopped
37, 7, STRATEGY_CLASSICAL_CHANGES, Following
39, 3, STRATEGY_CLASSICAL_CHANGES, Following
40, 1, VICTORY_STRATEGY_SCIENCE_VICTORY, Stopped
41, 8, STRATEGY_CLASSICAL_CHANGES, Following
42, 7, VICTORY_STRATEGY_SCIENCE_VICTORY, Following
43, 8, VICTORY_STRATEGY_SCIENCE_VICTORY, Stopped
44, 3, STRATEGY_RAPID_EXPANSION, Stopped
44, 8, STRATEGY_RAPID_EXPANSION, Stopped
45, 0, STRATEGY_NAVAL, Following
45, 6, VICTORY_STRATEGY_SCIENCE_VICTORY, Following
45, 6, STRATEGY_CLASSICAL_CHANGES, Following
45, 9, STRATEGY_CLASSICAL_CHANGES, Following
46, 5, STRATEGY_MEDIEVAL_CHANGES, Following
46, 5, STRATEGY_RENAISSANCE_CHANGES, Following
46, 9, STRATEGY_RAPID_EXPANSION, Following
47, 5, VICTORY_STRATEGY_SCIENCE_VICTORY, Following
48, 7, STRATEGY_NAVAL, Following
50, 2, VICTORY_STRATEGY_SCIENCE_VICTORY, Following
50, 2, STRATEGY_NAVAL, Following
55, 4, STRATEGY_RAPID_EXPANSION, Following
56, 4, VICTORY_STRATEGY_SCIENCE_VICTORY, Following
56, 6, STRATEGY_RAPID_EXPANSION, Following
57, 2, STRATEGY_RAPID_EXPANSION, Following
59, 0, STRATEGY_CLASSICAL_CHANGES, Following
61, 1, VICTORY_STRATEGY_SCIENCE_VICTORY, Following
63, 7, VICTORY_STRATEGY_SCIENCE_VICTORY, Stopped
64, 1, STRATEGY_MEDIEVAL_CHANGES, Following
64, 8, STRATEGY_RAPID_EXPANSION, Following
65, 3, STRATEGY_RAPID_EXPANSION, Following
65, 6, VICTORY_STRATEGY_SCIENCE_VICTORY, Stopped
67, 6, STRATEGY_MEDIEVAL_CHANGES, Following
68, 4, STRATEGY_MEDIEVAL_CHANGES, Following
70, 2, VICTORY_STRATEGY_SCIENCE_VICTORY, Stopped
70, 7, STRATEGY_MEDIEVAL_CHANGES, Following
72, 2, STRATEGY_MEDIEVAL_CHANGES, Following
73, 20, STRATEGY_NAVAL, Following
74, 8, VICTORY_STRATEGY_SCIENCE_VICTORY, Following
75, 4, STRATEGY_RAPID_EXPANSION, Stopped
76, 2, VICTORY_STRATEGY_CULTURAL_VICTORY, Following
76, 3, STRATEGY_MEDIEVAL_CHANGES, Following
77, 0, VICTORY_STRATEGY_MILITARY_VICTORY, Following
77, 2, STRATEGY_RAPID_EXPANSION, Stopped
77, 5, VICTORY_STRATEGY_CULTURAL_VICTORY, Following
77, 8, STRATEGY_MEDIEVAL_CHANGES, Following
78, 9, STRATEGY_MEDIEVAL_CHANGES, Following
80, 18, STRATEGY_NAVAL, Following
81, 6, STRATEGY_RENAISSANCE_CHANGES, Following
81, 9, STRATEGY_RAPID_EXPANSION, Stopped
82, 4, STRATEGY_RENAISSANCE_CHANGES, Following
84, 7, VICTORY_STRATEGY_SCIENCE_VICTORY, Following
84, 7, STRATEGY_RENAISSANCE_CHANGES, Following
85, 6, VICTORY_STRATEGY_SCIENCE_VICTORY, Following
87, 1, VICTORY_STRATEGY_SCIENCE_VICTORY, Stopped
88, 1, STRATEGY_RAPID_EXPANSION, Stopped
88, 1, STRATEGY_DARKAGE, Following
88, 3, STRATEGY_RAPID_EXPANSION, Stopped
88, 3, STRATEGY_NAVAL, Following
88, 3, STRATEGY_DARKAGE, Following
89, 1, STRATEGY_RENAISSANCE_CHANGES, Following
90, 2, VICTORY_STRATEGY_SCIENCE_VICTORY, Following
90, 2, STRATEGY_RENAISSANCE_CHANGES, Following
91, 8, STRATEGY_RAPID_EXPANSION, Stopped
94, 8, VICTORY_STRATEGY_SCIENCE_VICTORY, Stopped
95, 4, STRATEGY_RAPID_EXPANSION, Following
97, 2, STRATEGY_RAPID_EXPANSION, Following
97, 9, STRATEGY_RENAISSANCE_CHANGES, Following
101, 9, STRATEGY_RAPID_EXPANSION, Following
106, 8, STRATEGY_RENAISSANCE_CHANGES, Following
109, 5, VICTORY_STRATEGY_DIPLOMATIC_VICTORY, Following
110, 5, VICTORY_STRATEGY_MILITARY_VICTORY, Following
110, 5, STRATEGY_INDUSTRIAL_CHANGES, Following
111, 8, STRATEGY_RAPID_EXPANSION, Following
112, 3, STRATEGY_RENAISSANCE_CHANGES, Following
114, 0, STRATEGY_MEDIEVAL_CHANGES, Following
114, 8, VICTORY_STRATEGY_SCIENCE_VICTORY, Following
115, 1, VICTORY_STRATEGY_SCIENCE_VICTORY, Following
116, 0, VICTORY_STRATEGY_MILITARY_VICTORY, Stopped
116, 2, VICTORY_STRATEGY_MILITARY_VICTORY, Following
117, 2, STRATEGY_RAPID_EXPANSION, Stopped
120, 4, VICTORY_STRATEGY_MILITARY_VICTORY, Following
120, 4, VICTORY_STRATEGY_DIPLOMATIC_VICTORY, Following
124, 9, VICTORY_STRATEGY_MILITARY_VICTORY, Following
127, 0, STRATEGY_RAPID_EXPANSION, Stopped
127, 4, STRATEGY_RAPID_EXPANSION, Stopped
127, 4, STRATEGY_INDUSTRIAL_CHANGES, Following
127, 5, STRATEGY_RAPID_EXPANSION, Stopped
128, 1, STRATEGY_RAPID_EXPANSION, Following
128, 1, STRATEGY_DARKAGE, Stopped
128, 2, VICTORY_STRATEGY_SCIENCE_VICTORY, Stopped
128, 3, STRATEGY_DARKAGE, Stopped
128, 4, STRATEGY_DARKAGE, Following
128, 5, STRATEGY_DARKAGE, Following
129, 4, VICTORY_STRATEGY_CULTURAL_VICTORY, Following
130, 5, VICTORY_STRATEGY_MILITARY_VICTORY, Stopped
131, 9, STRATEGY_INDUSTRIAL_CHANGES, Following
132, 3, STRATEGY_RAPID_EXPANSION, Following
133, 3, VICTORY_STRATEGY_SCIENCE_VICTORY, Following
137, 2, STRATEGY_RAPID_EXPANSION, Following
140, 0, VICTORY_STRATEGY_SCIENCE_VICTORY, Following
140, 0, STRATEGY_RENAISSANCE_CHANGES, Following
141, 8, STRATEGY_INDUSTRIAL_CHANGES, Following
143, 1, VICTORY_STRATEGY_SCIENCE_VICTORY, Stopped
146, 6, STRATEGY_INDUSTRIAL_CHANGES, Following
147, 0, STRATEGY_RAPID_EXPANSION, Following
148, 1, STRATEGY_INDUSTRIAL_CHANGES, Following
148, 3, STRATEGY_INDUSTRIAL_CHANGES, Following
148, 3, VICTORY_STRATEGY_DIPLOMATIC_VICTORY, Following
148, 5, STRATEGY_MODERN_CHANGES, Following
151, 7, STRATEGY_INDUSTRIAL_CHANGES, Following
