Turn, PlayerIndex, Control, HeroesDiscovered, HeroesClaimed, HeroesRecalled, DiscoveryOrder
1, 0, Human, 0, 0, 0, Rebuilding Discovery Order
1, 1, AI, 0, 0, 0, Rebuilding Discovery Order
1, 2, AI, 0, 0, 0, Rebuilding Discovery Order
1, 3, AI, 0, 0, 0, Rebuilding Discovery Order
1, 4, AI, 0, 0, 0, Rebuilding Discovery Order
1, 5, AI, 0, 0, 0, Rebuilding Discovery Order
1, 0, Human, 0, 0, 0, Rebuilding Discovery Order
1, 1, AI, 0, 0, 0, Rebuilding Discovery Order
1, 2, AI, 0, 0, 0, Rebuilding Discovery Order
1, 3, AI, 0, 0, 0, Rebuilding Discovery Order
1, 4, AI, 0, 0, 0, Rebuilding Discovery Order
1, 5, AI, 0, 0, 0, Rebuilding Discovery Order
1, 6, AI, 0, 0, 0, Rebuilding Discovery Order
1, 7, AI, 0, 0, 0, Rebuilding Discovery Order
1, 8, AI, 0, 0, 0, Rebuilding Discovery Order
1, 9, AI, 0, 0, 0, Rebuilding Discovery Order
2, 0, Human, 0, 0, 0, Rebuilding Discovery Order
2, 1, AI, 0, 0, 0, Rebuilding Discovery Order
2, 2, AI, 0, 0, 0, Rebuilding Discovery Order
2, 3, AI, 0, 0, 0, Rebuilding Discovery Order
2, 4, AI, 0, 0, 0, Rebuilding Discovery Order
2, 5, AI, 0, 0, 0, Rebuilding Discovery Order
2, 6, AI, 0, 0, 0, Rebuilding Discovery Order
2, 7, AI, 0, 0, 0, Rebuilding Discovery Order
2, 8, AI, 0, 0, 0, Rebuilding Discovery Order
2, 9, AI, 0, 0, 0, Rebuilding Discovery Order
3, 0, Human, 0, 0, 0, Rebuilding Discovery Order
3, 1, AI, 0, 0, 0, Rebuilding Discovery Order
3, 2, AI, 0, 0, 0, Rebuilding Discovery Order
3, 3, AI, 0, 0, 0, Rebuilding Discovery Order
3, 4, AI, 0, 0, 0, Rebuilding Discovery Order
3, 5, AI, 0, 0, 0, Rebuilding Discovery Order
3, 6, AI, 0, 0, 0, Rebuilding Discovery Order
3, 7, AI, 0, 0, 0, Rebuilding Discovery Order
3, 8, AI, 0, 0, 0, Rebuilding Discovery Order
3, 9, AI, 0, 0, 0, Rebuilding Discovery Order
4, 0, Human, 0, 0, 0, Rebuilding Discovery Order
4, 1, AI, 0, 0, 0, Rebuilding Discovery Order
4, 2, AI, 0, 0, 0, Rebuilding Discovery Order
4, 3, AI, 0, 0, 0, Rebuilding Discovery Order
4, 4, AI, 0, 0, 0, Rebuilding Discovery Order
4, 5, AI, 0, 0, 0, Rebuilding Discovery Order
4, 6, AI, 0, 0, 0, Rebuilding Discovery Order
4, 7, AI, 0, 0, 0, Rebuilding Discovery Order
4, 8, AI, 0, 0, 0, Rebuilding Discovery Order
4, 9, AI, 0, 0, 0, Rebuilding Discovery Order
5, 0, Human, 0, 0, 0, Rebuilding Discovery Order
5, 1, AI, 0, 0, 0, Rebuilding Discovery Order
5, 2, AI, 0, 0, 0, Rebuilding Discovery Order
5, 3, AI, 0, 0, 0, Rebuilding Discovery Order
5, 4, AI, 0, 0, 0, Rebuilding Discovery Order
5, 5, AI, 0, 0, 0, Rebuilding Discovery Order
5, 6, AI, 0, 0, 0, Rebuilding Discovery Order
5, 7, AI, 0, 0, 0, Rebuilding Discovery Order
5, 8, AI, 0, 0, 0, Rebuilding Discovery Order
5, 9, AI, 0, 0, 0, Rebuilding Discovery Order
1, 0, Human, 0, 0, 0, Rebuilding Discovery Order
1, 1, AI, 0, 0, 0, Rebuilding Discovery Order
1, 2, AI, 0, 0, 0, Rebuilding Discovery Order
1, 3, AI, 0, 0, 0, Rebuilding Discovery Order
1, 4, AI, 0, 0, 0, Rebuilding Discovery Order
1, 5, AI, 0, 0, 0, Rebuilding Discovery Order
1, 6, AI, 0, 0, 0, Rebuilding Discovery Order
1, 7, AI, 0, 0, 0, Rebuilding Discovery Order
1, 8, AI, 0, 0, 0, Rebuilding Discovery Order
1, 9, AI, 0, 0, 0, Rebuilding Discovery Order
2, 0, Human, 0, 0, 0, Rebuilding Discovery Order
2, 1, AI, 0, 0, 0, Rebuilding Discovery Order
2, 2, AI, 0, 0, 0, Rebuilding Discovery Order
2, 3, AI, 0, 0, 0, Rebuilding Discovery Order
2, 4, AI, 0, 0, 0, Rebuilding Discovery Order
2, 5, AI, 0, 0, 0, Rebuilding Discovery Order
2, 6, AI, 0, 0, 0, Rebuilding Discovery Order
2, 7, AI, 0, 0, 0, Rebuilding Discovery Order
2, 8, AI, 0, 0, 0, Rebuilding Discovery Order
2, 9, AI, 0, 0, 0, Rebuilding Discovery Order
1, 0, Human, 0, 0, 0, Rebuilding Discovery Order
1, 1, AI, 0, 0, 0, Rebuilding Discovery Order
1, 2, AI, 0, 0, 0, Rebuilding Discovery Order
1, 3, AI, 0, 0, 0, Rebuilding Discovery Order
1, 4, AI, 0, 0, 0, Rebuilding Discovery Order
1, 5, AI, 0, 0, 0, Rebuilding Discovery Order
1, 6, AI, 0, 0, 0, Rebuilding Discovery Order
1, 7, AI, 0, 0, 0, Rebuilding Discovery Order
1, 8, AI, 0, 0, 0, Rebuilding Discovery Order
1, 9, AI, 0, 0, 0, Rebuilding Discovery Order
2, 0, Human, 0, 0, 0, Rebuilding Discovery Order
2, 1, AI, 0, 0, 0, Rebuilding Discovery Order
2, 2, AI, 0, 0, 0, Rebuilding Discovery Order
2, 3, AI, 0, 0, 0, Rebuilding Discovery Order
2, 4, AI, 0, 0, 0, Rebuilding Discovery Order
2, 5, AI, 0, 0, 0, Rebuilding Discovery Order
2, 6, AI, 0, 0, 0, Rebuilding Discovery Order
2, 7, AI, 0, 0, 0, Rebuilding Discovery Order
2, 8, AI, 0, 0, 0, Rebuilding Discovery Order
2, 9, AI, 0, 0, 0, Rebuilding Discovery Order
3, 0, Human, 0, 0, 0, Rebuilding Discovery Order
3, 1, AI, 0, 0, 0, Rebuilding Discovery Order
3, 2, AI, 0, 0, 0, Rebuilding Discovery Order
3, 3, AI, 0, 0, 0, Rebuilding Discovery Order
3, 4, AI, 0, 0, 0, Rebuilding Discovery Order
3, 5, AI, 0, 0, 0, Rebuilding Discovery Order
3, 6, AI, 0, 0, 0, Rebuilding Discovery Order
3, 7, AI, 0, 0, 0, Rebuilding Discovery Order
3, 8, AI, 0, 0, 0, Rebuilding Discovery Order
3, 9, AI, 0, 0, 0, Rebuilding Discovery Order
4, 0, Human, 0, 0, 0, Rebuilding Discovery Order
4, 1, AI, 0, 0, 0, Rebuilding Discovery Order
4, 2, AI, 0, 0, 0, Rebuilding Discovery Order
4, 3, AI, 0, 0, 0, Rebuilding Discovery Order
4, 4, AI, 0, 0, 0, Rebuilding Discovery Order
4, 5, AI, 0, 0, 0, Rebuilding Discovery Order
4, 6, AI, 0, 0, 0, Rebuilding Discovery Order
4, 7, AI, 0, 0, 0, Rebuilding Discovery Order
4, 8, AI, 0, 0, 0, Rebuilding Discovery Order
4, 9, AI, 0, 0, 0, Rebuilding Discovery Order
5, 0, Human, 0, 0, 0, Rebuilding Discovery Order
5, 1, AI, 0, 0, 0, Rebuilding Discovery Order
5, 2, AI, 0, 0, 0, Rebuilding Discovery Order
5, 3, AI, 0, 0, 0, Rebuilding Discovery Order
5, 4, AI, 0, 0, 0, Rebuilding Discovery Order
5, 5, AI, 0, 0, 0, Rebuilding Discovery Order
5, 6, AI, 0, 0, 0, Rebuilding Discovery Order
5, 7, AI, 0, 0, 0, Rebuilding Discovery Order
5, 8, AI, 0, 0, 0, Rebuilding Discovery Order
5, 9, AI, 0, 0, 0, Rebuilding Discovery Order
6, 0, Human, 0, 0, 0, Rebuilding Discovery Order
6, 1, AI, 0, 0, 0, Rebuilding Discovery Order
6, 2, AI, 0, 0, 0, Rebuilding Discovery Order
6, 3, AI, 0, 0, 0, Rebuilding Discovery Order
6, 4, AI, 0, 0, 0, Rebuilding Discovery Order
6, 5, AI, 0, 0, 0, Rebuilding Discovery Order
6, 6, AI, 0, 0, 0, Rebuilding Discovery Order
6, 7, AI, 0, 0, 0, Rebuilding Discovery Order
6, 8, AI, 0, 0, 0, Rebuilding Discovery Order
6, 9, AI, 0, 0, 0, Rebuilding Discovery Order
7, 0, Human, 0, 0, 0, Rebuilding Discovery Order
7, 1, AI, 0, 0, 0, Rebuilding Discovery Order
7, 2, AI, 0, 0, 0, Rebuilding Discovery Order
7, 3, AI, 0, 0, 0, Rebuilding Discovery Order
7, 4, AI, 0, 0, 0, Rebuilding Discovery Order
7, 5, AI, 0, 0, 0, Rebuilding Discovery Order
7, 6, AI, 0, 0, 0, Rebuilding Discovery Order
7, 7, AI, 0, 0, 0, Rebuilding Discovery Order
7, 8, AI, 0, 0, 0, Rebuilding Discovery Order
7, 9, AI, 0, 0, 0, Rebuilding Discovery Order
8, 0, Human, 0, 0, 0, Rebuilding Discovery Order
8, 1, AI, 0, 0, 0, Rebuilding Discovery Order
8, 2, AI, 0, 0, 0, Rebuilding Discovery Order
8, 3, AI, 0, 0, 0, Rebuilding Discovery Order
8, 4, AI, 0, 0, 0, Rebuilding Discovery Order
8, 5, AI, 0, 0, 0, Rebuilding Discovery Order
8, 6, AI, 0, 0, 0, Rebuilding Discovery Order
8, 7, AI, 0, 0, 0, Rebuilding Discovery Order
8, 8, AI, 0, 0, 0, Rebuilding Discovery Order
8, 9, AI, 0, 0, 0, Rebuilding Discovery Order
9, 0, Human, 0, 0, 0, Rebuilding Discovery Order
9, 1, AI, 0, 0, 0, Rebuilding Discovery Order
9, 2, AI, 0, 0, 0, Rebuilding Discovery Order
9, 3, AI, 0, 0, 0, Rebuilding Discovery Order
9, 4, AI, 0, 0, 0, Rebuilding Discovery Order
9, 5, AI, 0, 0, 0, Rebuilding Discovery Order
9, 6, AI, 0, 0, 0, Rebuilding Discovery Order
9, 7, AI, 0, 0, 0, Rebuilding Discovery Order
9, 8, AI, 0, 0, 0, Rebuilding Discovery Order
9, 9, AI, 0, 0, 0, Rebuilding Discovery Order
10, 0, Human, 0, 0, 0, Rebuilding Discovery Order
10, 1, AI, 0, 0, 0, Rebuilding Discovery Order
10, 2, AI, 0, 0, 0, Rebuilding Discovery Order
10, 3, AI, 0, 0, 0, Rebuilding Discovery Order
10, 4, AI, 0, 0, 0, Rebuilding Discovery Order
10, 5, AI, 0, 0, 0, Rebuilding Discovery Order
10, 6, AI, 0, 0, 0, Rebuilding Discovery Order
10, 7, AI, 0, 0, 0, Rebuilding Discovery Order
10, 8, AI, 0, 0, 0, Rebuilding Discovery Order
10, 9, AI, 0, 0, 0, Rebuilding Discovery Order
11, 0, Human, 0, 0, 0, Rebuilding Discovery Order
11, 1, AI, 0, 0, 0, Rebuilding Discovery Order
11, 2, AI, 0, 0, 0, Rebuilding Discovery Order
11, 3, AI, 0, 0, 0, Rebuilding Discovery Order
11, 4, AI, 0, 0, 0, Rebuilding Discovery Order
11, 5, AI, 0, 0, 0, Rebuilding Discovery Order
11, 6, AI, 0, 0, 0, Rebuilding Discovery Order
11, 7, AI, 0, 0, 0, Rebuilding Discovery Order
11, 8, AI, 0, 0, 0, Rebuilding Discovery Order
11, 9, AI, 0, 0, 0, Rebuilding Discovery Order
12, 0, Human, 0, 0, 0, Rebuilding Discovery Order
12, 1, AI, 0, 0, 0, Rebuilding Discovery Order
12, 2, AI, 0, 0, 0, Rebuilding Discovery Order
12, 3, AI, 0, 0, 0, Rebuilding Discovery Order
12, 4, AI, 0, 0, 0, Rebuilding Discovery Order
12, 5, AI, 0, 0, 0, Rebuilding Discovery Order
12, 6, AI, 0, 0, 0, Rebuilding Discovery Order
12, 7, AI, 0, 0, 0, Rebuilding Discovery Order
12, 8, AI, 0, 0, 0, Rebuilding Discovery Order
12, 9, AI, 0, 0, 0, Rebuilding Discovery Order
13, 0, Human, 0, 0, 0, Rebuilding Discovery Order
13, 1, AI, 0, 0, 0, Rebuilding Discovery Order
13, 2, AI, 0, 0, 0, Rebuilding Discovery Order
13, 3, AI, 0, 0, 0, Rebuilding Discovery Order
13, 4, AI, 0, 0, 0, Rebuilding Discovery Order
13, 5, AI, 0, 0, 0, Rebuilding Discovery Order
13, 6, AI, 0, 0, 0, Rebuilding Discovery Order
13, 7, AI, 0, 0, 0, Rebuilding Discovery Order
13, 8, AI, 0, 0, 0, Rebuilding Discovery Order
13, 9, AI, 0, 0, 0, Rebuilding Discovery Order
14, 0, Human, 0, 0, 0, Rebuilding Discovery Order
14, 1, AI, 0, 0, 0, Rebuilding Discovery Order
14, 2, AI, 0, 0, 0, Rebuilding Discovery Order
14, 3, AI, 0, 0, 0, Rebuilding Discovery Order
14, 4, AI, 0, 0, 0, Rebuilding Discovery Order
14, 5, AI, 0, 0, 0, Rebuilding Discovery Order
14, 6, AI, 0, 0, 0, Rebuilding Discovery Order
14, 7, AI, 0, 0, 0, Rebuilding Discovery Order
14, 8, AI, 0, 0, 0, Rebuilding Discovery Order
14, 9, AI, 0, 0, 0, Rebuilding Discovery Order
15, 0, Human, 0, 0, 0, Rebuilding Discovery Order
15, 1, AI, 0, 0, 0, Rebuilding Discovery Order
15, 2, AI, 0, 0, 0, Rebuilding Discovery Order
15, 3, AI, 0, 0, 0, Rebuilding Discovery Order
15, 4, AI, 0, 0, 0, Rebuilding Discovery Order
15, 5, AI, 0, 0, 0, Rebuilding Discovery Order
15, 6, AI, 0, 0, 0, Rebuilding Discovery Order
15, 7, AI, 0, 0, 0, Rebuilding Discovery Order
15, 8, AI, 0, 0, 0, Rebuilding Discovery Order
15, 9, AI, 0, 0, 0, Rebuilding Discovery Order
16, 0, Human, 0, 0, 0, Rebuilding Discovery Order
16, 1, AI, 0, 0, 0, Rebuilding Discovery Order
16, 2, AI, 0, 0, 0, Rebuilding Discovery Order
16, 3, AI, 0, 0, 0, Rebuilding Discovery Order
16, 4, AI, 0, 0, 0, Rebuilding Discovery Order
16, 5, AI, 0, 0, 0, Rebuilding Discovery Order
16, 6, AI, 0, 0, 0, Rebuilding Discovery Order
16, 7, AI, 0, 0, 0, Rebuilding Discovery Order
16, 8, AI, 0, 0, 0, Rebuilding Discovery Order
16, 9, AI, 0, 0, 0, Rebuilding Discovery Order
17, 0, Human, 0, 0, 0, Rebuilding Discovery Order
17, 1, AI, 0, 0, 0, Rebuilding Discovery Order
17, 2, AI, 0, 0, 0, Rebuilding Discovery Order
17, 3, AI, 0, 0, 0, Rebuilding Discovery Order
17, 4, AI, 0, 0, 0, Rebuilding Discovery Order
17, 5, AI, 0, 0, 0, Rebuilding Discovery Order
17, 6, AI, 0, 0, 0, Rebuilding Discovery Order
17, 7, AI, 0, 0, 0, Rebuilding Discovery Order
17, 8, AI, 0, 0, 0, Rebuilding Discovery Order
17, 9, AI, 0, 0, 0, Rebuilding Discovery Order
18, 0, Human, 0, 0, 0, Rebuilding Discovery Order
18, 1, AI, 0, 0, 0, Rebuilding Discovery Order
18, 2, AI, 0, 0, 0, Rebuilding Discovery Order
18, 3, AI, 0, 0, 0, Rebuilding Discovery Order
18, 4, AI, 0, 0, 0, Rebuilding Discovery Order
18, 5, AI, 0, 0, 0, Rebuilding Discovery Order
18, 6, AI, 0, 0, 0, Rebuilding Discovery Order
18, 7, AI, 0, 0, 0, Rebuilding Discovery Order
18, 8, AI, 0, 0, 0, Rebuilding Discovery Order
18, 9, AI, 0, 0, 0, Rebuilding Discovery Order
19, 0, Human, 0, 0, 0, Rebuilding Discovery Order
19, 1, AI, 0, 0, 0, Rebuilding Discovery Order
19, 2, AI, 0, 0, 0, Rebuilding Discovery Order
19, 3, AI, 0, 0, 0, Rebuilding Discovery Order
19, 4, AI, 0, 0, 0, Rebuilding Discovery Order
19, 5, AI, 0, 0, 0, Rebuilding Discovery Order
19, 6, AI, 0, 0, 0, Rebuilding Discovery Order
19, 7, AI, 0, 0, 0, Rebuilding Discovery Order
19, 8, AI, 0, 0, 0, Rebuilding Discovery Order
19, 9, AI, 0, 0, 0, Rebuilding Discovery Order
20, 0, Human, 0, 0, 0, Rebuilding Discovery Order
20, 1, AI, 0, 0, 0, Rebuilding Discovery Order
20, 2, AI, 0, 0, 0, Rebuilding Discovery Order
20, 3, AI, 0, 0, 0, Rebuilding Discovery Order
20, 4, AI, 0, 0, 0, Rebuilding Discovery Order
20, 5, AI, 0, 0, 0, Rebuilding Discovery Order
20, 6, AI, 0, 0, 0, Rebuilding Discovery Order
20, 7, AI, 0, 0, 0, Rebuilding Discovery Order
20, 8, AI, 0, 0, 0, Rebuilding Discovery Order
20, 9, AI, 0, 0, 0, Rebuilding Discovery Order
21, 0, Human, 0, 0, 0, Rebuilding Discovery Order
21, 1, AI, 0, 0, 0, Rebuilding Discovery Order
21, 2, AI, 0, 0, 0, Rebuilding Discovery Order
21, 3, AI, 0, 0, 0, Rebuilding Discovery Order
21, 4, AI, 0, 0, 0, Rebuilding Discovery Order
21, 5, AI, 0, 0, 0, Rebuilding Discovery Order
21, 6, AI, 0, 0, 0, Rebuilding Discovery Order
21, 7, AI, 0, 0, 0, Rebuilding Discovery Order
21, 8, AI, 0, 0, 0, Rebuilding Discovery Order
21, 9, AI, 0, 0, 0, Rebuilding Discovery Order
22, 0, Human, 0, 0, 0, Rebuilding Discovery Order
22, 1, AI, 0, 0, 0, Rebuilding Discovery Order
22, 2, AI, 0, 0, 0, Rebuilding Discovery Order
22, 3, AI, 0, 0, 0, Rebuilding Discovery Order
22, 4, AI, 0, 0, 0, Rebuilding Discovery Order
22, 5, AI, 0, 0, 0, Rebuilding Discovery Order
22, 6, AI, 0, 0, 0, Rebuilding Discovery Order
22, 7, AI, 0, 0, 0, Rebuilding Discovery Order
22, 8, AI, 0, 0, 0, Rebuilding Discovery Order
22, 9, AI, 0, 0, 0, Rebuilding Discovery Order
23, 0, Human, 0, 0, 0, Rebuilding Discovery Order
23, 1, AI, 0, 0, 0, Rebuilding Discovery Order
23, 2, AI, 0, 0, 0, Rebuilding Discovery Order
23, 3, AI, 0, 0, 0, Rebuilding Discovery Order
23, 4, AI, 0, 0, 0, Rebuilding Discovery Order
23, 5, AI, 0, 0, 0, Rebuilding Discovery Order
23, 6, AI, 0, 0, 0, Rebuilding Discovery Order
23, 7, AI, 0, 0, 0, Rebuilding Discovery Order
23, 8, AI, 0, 0, 0, Rebuilding Discovery Order
23, 9, AI, 0, 0, 0, Rebuilding Discovery Order
24, 0, Human, 0, 0, 0, Rebuilding Discovery Order
24, 1, AI, 0, 0, 0, Rebuilding Discovery Order
24, 2, AI, 0, 0, 0, Rebuilding Discovery Order
24, 3, AI, 0, 0, 0, Rebuilding Discovery Order
24, 4, AI, 0, 0, 0, Rebuilding Discovery Order
24, 5, AI, 0, 0, 0, Rebuilding Discovery Order
24, 6, AI, 0, 0, 0, Rebuilding Discovery Order
24, 7, AI, 0, 0, 0, Rebuilding Discovery Order
24, 8, AI, 0, 0, 0, Rebuilding Discovery Order
24, 9, AI, 0, 0, 0, Rebuilding Discovery Order
25, 0, Human, 0, 0, 0, Rebuilding Discovery Order
25, 1, AI, 0, 0, 0, Rebuilding Discovery Order
25, 2, AI, 0, 0, 0, Rebuilding Discovery Order
25, 3, AI, 0, 0, 0, Rebuilding Discovery Order
25, 4, AI, 0, 0, 0, Rebuilding Discovery Order
25, 5, AI, 0, 0, 0, Rebuilding Discovery Order
25, 6, AI, 0, 0, 0, Rebuilding Discovery Order
25, 7, AI, 0, 0, 0, Rebuilding Discovery Order
25, 8, AI, 0, 0, 0, Rebuilding Discovery Order
25, 9, AI, 0, 0, 0, Rebuilding Discovery Order
26, 0, Human, 0, 0, 0, Rebuilding Discovery Order
26, 1, AI, 0, 0, 0, Rebuilding Discovery Order
26, 2, AI, 0, 0, 0, Rebuilding Discovery Order
26, 3, AI, 0, 0, 0, Rebuilding Discovery Order
26, 4, AI, 0, 0, 0, Rebuilding Discovery Order
26, 5, AI, 0, 0, 0, Rebuilding Discovery Order
26, 6, AI, 0, 0, 0, Rebuilding Discovery Order
26, 7, AI, 0, 0, 0, Rebuilding Discovery Order
26, 8, AI, 0, 0, 0, Rebuilding Discovery Order
26, 9, AI, 0, 0, 0, Rebuilding Discovery Order
27, 0, Human, 0, 0, 0, Rebuilding Discovery Order
27, 1, AI, 0, 0, 0, Rebuilding Discovery Order
27, 2, AI, 0, 0, 0, Rebuilding Discovery Order
27, 3, AI, 0, 0, 0, Rebuilding Discovery Order
27, 4, AI, 0, 0, 0, Rebuilding Discovery Order
27, 5, AI, 0, 0, 0, Rebuilding Discovery Order
27, 6, AI, 0, 0, 0, Rebuilding Discovery Order
27, 7, AI, 0, 0, 0, Rebuilding Discovery Order
27, 8, AI, 0, 0, 0, Rebuilding Discovery Order
27, 9, AI, 0, 0, 0, Rebuilding Discovery Order
28, 0, Human, 0, 0, 0, Rebuilding Discovery Order
28, 1, AI, 0, 0, 0, Rebuilding Discovery Order
28, 2, AI, 0, 0, 0, Rebuilding Discovery Order
28, 3, AI, 0, 0, 0, Rebuilding Discovery Order
28, 4, AI, 0, 0, 0, Rebuilding Discovery Order
28, 5, AI, 0, 0, 0, Rebuilding Discovery Order
28, 6, AI, 0, 0, 0, Rebuilding Discovery Order
28, 7, AI, 0, 0, 0, Rebuilding Discovery Order
28, 8, AI, 0, 0, 0, Rebuilding Discovery Order
28, 9, AI, 0, 0, 0, Rebuilding Discovery Order
29, 0, Human, 0, 0, 0, Rebuilding Discovery Order
29, 1, AI, 0, 0, 0, Rebuilding Discovery Order
29, 2, AI, 0, 0, 0, Rebuilding Discovery Order
29, 3, AI, 0, 0, 0, Rebuilding Discovery Order
29, 4, AI, 0, 0, 0, Rebuilding Discovery Order
29, 5, AI, 0, 0, 0, Rebuilding Discovery Order
29, 6, AI, 0, 0, 0, Rebuilding Discovery Order
29, 7, AI, 0, 0, 0, Rebuilding Discovery Order
29, 8, AI, 0, 0, 0, Rebuilding Discovery Order
29, 9, AI, 0, 0, 0, Rebuilding Discovery Order
30, 0, Human, 0, 0, 0, Rebuilding Discovery Order
30, 1, AI, 0, 0, 0, Rebuilding Discovery Order
30, 2, AI, 0, 0, 0, Rebuilding Discovery Order
30, 3, AI, 0, 0, 0, Rebuilding Discovery Order
30, 4, AI, 0, 0, 0, Rebuilding Discovery Order
30, 5, AI, 0, 0, 0, Rebuilding Discovery Order
30, 6, AI, 0, 0, 0, Rebuilding Discovery Order
30, 7, AI, 0, 0, 0, Rebuilding Discovery Order
30, 8, AI, 0, 0, 0, Rebuilding Discovery Order
30, 9, AI, 0, 0, 0, Rebuilding Discovery Order
31, 0, Human, 0, 0, 0, Rebuilding Discovery Order
31, 1, AI, 0, 0, 0, Rebuilding Discovery Order
31, 2, AI, 0, 0, 0, Rebuilding Discovery Order
31, 3, AI, 0, 0, 0, Rebuilding Discovery Order
31, 4, AI, 0, 0, 0, Rebuilding Discovery Order
31, 5, AI, 0, 0, 0, Rebuilding Discovery Order
31, 6, AI, 0, 0, 0, Rebuilding Discovery Order
31, 7, AI, 0, 0, 0, Rebuilding Discovery Order
31, 8, AI, 0, 0, 0, Rebuilding Discovery Order
31, 9, AI, 0, 0, 0, Rebuilding Discovery Order
32, 0, Human, 0, 0, 0, Rebuilding Discovery Order
32, 1, AI, 0, 0, 0, Rebuilding Discovery Order
32, 2, AI, 0, 0, 0, Rebuilding Discovery Order
32, 3, AI, 0, 0, 0, Rebuilding Discovery Order
32, 4, AI, 0, 0, 0, Rebuilding Discovery Order
32, 5, AI, 0, 0, 0, Rebuilding Discovery Order
32, 6, AI, 0, 0, 0, Rebuilding Discovery Order
32, 7, AI, 0, 0, 0, Rebuilding Discovery Order
32, 8, AI, 0, 0, 0, Rebuilding Discovery Order
32, 9, AI, 0, 0, 0, Rebuilding Discovery Order
33, 0, Human, 0, 0, 0, Rebuilding Discovery Order
33, 1, AI, 0, 0, 0, Rebuilding Discovery Order
33, 2, AI, 0, 0, 0, Rebuilding Discovery Order
33, 3, AI, 0, 0, 0, Rebuilding Discovery Order
33, 4, AI, 0, 0, 0, Rebuilding Discovery Order
33, 5, AI, 0, 0, 0, Rebuilding Discovery Order
33, 6, AI, 0, 0, 0, Rebuilding Discovery Order
33, 7, AI, 0, 0, 0, Rebuilding Discovery Order
33, 8, AI, 0, 0, 0, Rebuilding Discovery Order
33, 9, AI, 0, 0, 0, Rebuilding Discovery Order
34, 0, Human, 0, 0, 0, Rebuilding Discovery Order
34, 1, AI, 0, 0, 0, Rebuilding Discovery Order
34, 2, AI, 0, 0, 0, Rebuilding Discovery Order
34, 3, AI, 0, 0, 0, Rebuilding Discovery Order
34, 4, AI, 0, 0, 0, Rebuilding Discovery Order
34, 5, AI, 0, 0, 0, Rebuilding Discovery Order
34, 6, AI, 0, 0, 0, Rebuilding Discovery Order
34, 7, AI, 0, 0, 0, Rebuilding Discovery Order
34, 8, AI, 0, 0, 0, Rebuilding Discovery Order
34, 9, AI, 0, 0, 0, Rebuilding Discovery Order
35, 0, Human, 0, 0, 0, Rebuilding Discovery Order
35, 1, AI, 0, 0, 0, Rebuilding Discovery Order
35, 2, AI, 0, 0, 0, Rebuilding Discovery Order
35, 3, AI, 0, 0, 0, Rebuilding Discovery Order
35, 4, AI, 0, 0, 0, Rebuilding Discovery Order
35, 5, AI, 0, 0, 0, Rebuilding Discovery Order
35, 6, AI, 0, 0, 0, Rebuilding Discovery Order
35, 7, AI, 0, 0, 0, Rebuilding Discovery Order
35, 8, AI, 0, 0, 0, Rebuilding Discovery Order
35, 9, AI, 0, 0, 0, Rebuilding Discovery Order
36, 0, Human, 0, 0, 0, Rebuilding Discovery Order
36, 1, AI, 0, 0, 0, Rebuilding Discovery Order
36, 2, AI, 0, 0, 0, Rebuilding Discovery Order
36, 3, AI, 0, 0, 0, Rebuilding Discovery Order
36, 4, AI, 0, 0, 0, Rebuilding Discovery Order
36, 5, AI, 0, 0, 0, Rebuilding Discovery Order
36, 6, AI, 0, 0, 0, Rebuilding Discovery Order
36, 7, AI, 0, 0, 0, Rebuilding Discovery Order
36, 8, AI, 0, 0, 0, Rebuilding Discovery Order
36, 9, AI, 0, 0, 0, Rebuilding Discovery Order
37, 0, Human, 0, 0, 0, Rebuilding Discovery Order
37, 1, AI, 0, 0, 0, Rebuilding Discovery Order
37, 2, AI, 0, 0, 0, Rebuilding Discovery Order
37, 3, AI, 0, 0, 0, Rebuilding Discovery Order
37, 4, AI, 0, 0, 0, Rebuilding Discovery Order
37, 5, AI, 0, 0, 0, Rebuilding Discovery Order
37, 6, AI, 0, 0, 0, Rebuilding Discovery Order
37, 7, AI, 0, 0, 0, Rebuilding Discovery Order
37, 8, AI, 0, 0, 0, Rebuilding Discovery Order
37, 9, AI, 0, 0, 0, Rebuilding Discovery Order
38, 0, Human, 0, 0, 0, Rebuilding Discovery Order
38, 1, AI, 0, 0, 0, Rebuilding Discovery Order
38, 2, AI, 0, 0, 0, Rebuilding Discovery Order
38, 3, AI, 0, 0, 0, Rebuilding Discovery Order
38, 4, AI, 0, 0, 0, Rebuilding Discovery Order
38, 5, AI, 0, 0, 0, Rebuilding Discovery Order
38, 6, AI, 0, 0, 0, Rebuilding Discovery Order
38, 7, AI, 0, 0, 0, Rebuilding Discovery Order
38, 8, AI, 0, 0, 0, Rebuilding Discovery Order
38, 9, AI, 0, 0, 0, Rebuilding Discovery Order
39, 0, Human, 0, 0, 0, Rebuilding Discovery Order
39, 1, AI, 0, 0, 0, Rebuilding Discovery Order
39, 2, AI, 0, 0, 0, Rebuilding Discovery Order
39, 3, AI, 0, 0, 0, Rebuilding Discovery Order
39, 4, AI, 0, 0, 0, Rebuilding Discovery Order
39, 5, AI, 0, 0, 0, Rebuilding Discovery Order
39, 6, AI, 0, 0, 0, Rebuilding Discovery Order
39, 7, AI, 0, 0, 0, Rebuilding Discovery Order
39, 8, AI, 0, 0, 0, Rebuilding Discovery Order
39, 9, AI, 0, 0, 0, Rebuilding Discovery Order
40, 0, Human, 0, 0, 0, Rebuilding Discovery Order
40, 1, AI, 0, 0, 0, Rebuilding Discovery Order
40, 2, AI, 0, 0, 0, Rebuilding Discovery Order
40, 3, AI, 0, 0, 0, Rebuilding Discovery Order
40, 4, AI, 0, 0, 0, Rebuilding Discovery Order
40, 5, AI, 0, 0, 0, Rebuilding Discovery Order
40, 6, AI, 0, 0, 0, Rebuilding Discovery Order
40, 7, AI, 0, 0, 0, Rebuilding Discovery Order
40, 8, AI, 0, 0, 0, Rebuilding Discovery Order
40, 9, AI, 0, 0, 0, Rebuilding Discovery Order
41, 0, Human, 0, 0, 0, Rebuilding Discovery Order
41, 1, AI, 0, 0, 0, Rebuilding Discovery Order
41, 2, AI, 0, 0, 0, Rebuilding Discovery Order
41, 3, AI, 0, 0, 0, Rebuilding Discovery Order
41, 4, AI, 0, 0, 0, Rebuilding Discovery Order
41, 5, AI, 0, 0, 0, Rebuilding Discovery Order
41, 6, AI, 0, 0, 0, Rebuilding Discovery Order
41, 7, AI, 0, 0, 0, Rebuilding Discovery Order
41, 8, AI, 0, 0, 0, Rebuilding Discovery Order
41, 9, AI, 0, 0, 0, Rebuilding Discovery Order
42, 0, Human, 0, 0, 0, Rebuilding Discovery Order
42, 1, AI, 0, 0, 0, Rebuilding Discovery Order
42, 2, AI, 0, 0, 0, Rebuilding Discovery Order
42, 3, AI, 0, 0, 0, Rebuilding Discovery Order
42, 4, AI, 0, 0, 0, Rebuilding Discovery Order
42, 5, AI, 0, 0, 0, Rebuilding Discovery Order
42, 6, AI, 0, 0, 0, Rebuilding Discovery Order
42, 7, AI, 0, 0, 0, Rebuilding Discovery Order
42, 8, AI, 0, 0, 0, Rebuilding Discovery Order
42, 9, AI, 0, 0, 0, Rebuilding Discovery Order
43, 0, Human, 0, 0, 0, Rebuilding Discovery Order
43, 1, AI, 0, 0, 0, Rebuilding Discovery Order
43, 2, AI, 0, 0, 0, Rebuilding Discovery Order
43, 3, AI, 0, 0, 0, Rebuilding Discovery Order
43, 4, AI, 0, 0, 0, Rebuilding Discovery Order
43, 5, AI, 0, 0, 0, Rebuilding Discovery Order
43, 6, AI, 0, 0, 0, Rebuilding Discovery Order
43, 7, AI, 0, 0, 0, Rebuilding Discovery Order
43, 8, AI, 0, 0, 0, Rebuilding Discovery Order
43, 9, AI, 0, 0, 0, Rebuilding Discovery Order
44, 0, Human, 0, 0, 0, Rebuilding Discovery Order
44, 1, AI, 0, 0, 0, Rebuilding Discovery Order
44, 2, AI, 0, 0, 0, Rebuilding Discovery Order
44, 3, AI, 0, 0, 0, Rebuilding Discovery Order
44, 4, AI, 0, 0, 0, Rebuilding Discovery Order
44, 5, AI, 0, 0, 0, Rebuilding Discovery Order
44, 6, AI, 0, 0, 0, Rebuilding Discovery Order
44, 7, AI, 0, 0, 0, Rebuilding Discovery Order
44, 8, AI, 0, 0, 0, Rebuilding Discovery Order
44, 9, AI, 0, 0, 0, Rebuilding Discovery Order
45, 0, Human, 0, 0, 0, Rebuilding Discovery Order
45, 1, AI, 0, 0, 0, Rebuilding Discovery Order
45, 2, AI, 0, 0, 0, Rebuilding Discovery Order
45, 3, AI, 0, 0, 0, Rebuilding Discovery Order
45, 4, AI, 0, 0, 0, Rebuilding Discovery Order
45, 5, AI, 0, 0, 0, Rebuilding Discovery Order
45, 6, AI, 0, 0, 0, Rebuilding Discovery Order
45, 7, AI, 0, 0, 0, Rebuilding Discovery Order
45, 8, AI, 0, 0, 0, Rebuilding Discovery Order
45, 9, AI, 0, 0, 0, Rebuilding Discovery Order
46, 0, Human, 0, 0, 0, Rebuilding Discovery Order
46, 1, AI, 0, 0, 0, Rebuilding Discovery Order
46, 2, AI, 0, 0, 0, Rebuilding Discovery Order
46, 3, AI, 0, 0, 0, Rebuilding Discovery Order
46, 4, AI, 0, 0, 0, Rebuilding Discovery Order
46, 5, AI, 0, 0, 0, Rebuilding Discovery Order
46, 6, AI, 0, 0, 0, Rebuilding Discovery Order
46, 7, AI, 0, 0, 0, Rebuilding Discovery Order
46, 8, AI, 0, 0, 0, Rebuilding Discovery Order
46, 9, AI, 0, 0, 0, Rebuilding Discovery Order
47, 0, Human, 0, 0, 0, Rebuilding Discovery Order
47, 1, AI, 0, 0, 0, Rebuilding Discovery Order
47, 2, AI, 0, 0, 0, Rebuilding Discovery Order
47, 3, AI, 0, 0, 0, Rebuilding Discovery Order
47, 4, AI, 0, 0, 0, Rebuilding Discovery Order
47, 5, AI, 0, 0, 0, Rebuilding Discovery Order
47, 6, AI, 0, 0, 0, Rebuilding Discovery Order
47, 7, AI, 0, 0, 0, Rebuilding Discovery Order
47, 8, AI, 0, 0, 0, Rebuilding Discovery Order
47, 9, AI, 0, 0, 0, Rebuilding Discovery Order
48, 0, Human, 0, 0, 0, Rebuilding Discovery Order
48, 1, AI, 0, 0, 0, Rebuilding Discovery Order
48, 2, AI, 0, 0, 0, Rebuilding Discovery Order
48, 3, AI, 0, 0, 0, Rebuilding Discovery Order
48, 4, AI, 0, 0, 0, Rebuilding Discovery Order
48, 5, AI, 0, 0, 0, Rebuilding Discovery Order
48, 6, AI, 0, 0, 0, Rebuilding Discovery Order
48, 7, AI, 0, 0, 0, Rebuilding Discovery Order
48, 8, AI, 0, 0, 0, Rebuilding Discovery Order
48, 9, AI, 0, 0, 0, Rebuilding Discovery Order
49, 0, Human, 0, 0, 0, Rebuilding Discovery Order
49, 1, AI, 0, 0, 0, Rebuilding Discovery Order
49, 2, AI, 0, 0, 0, Rebuilding Discovery Order
49, 3, AI, 0, 0, 0, Rebuilding Discovery Order
49, 4, AI, 0, 0, 0, Rebuilding Discovery Order
49, 5, AI, 0, 0, 0, Rebuilding Discovery Order
49, 6, AI, 0, 0, 0, Rebuilding Discovery Order
49, 7, AI, 0, 0, 0, Rebuilding Discovery Order
49, 8, AI, 0, 0, 0, Rebuilding Discovery Order
49, 9, AI, 0, 0, 0, Rebuilding Discovery Order
50, 0, Human, 0, 0, 0, Rebuilding Discovery Order
50, 1, AI, 0, 0, 0, Rebuilding Discovery Order
50, 2, AI, 0, 0, 0, Rebuilding Discovery Order
50, 3, AI, 0, 0, 0, Rebuilding Discovery Order
50, 4, AI, 0, 0, 0, Rebuilding Discovery Order
50, 5, AI, 0, 0, 0, Rebuilding Discovery Order
50, 6, AI, 0, 0, 0, Rebuilding Discovery Order
50, 7, AI, 0, 0, 0, Rebuilding Discovery Order
50, 8, AI, 0, 0, 0, Rebuilding Discovery Order
50, 9, AI, 0, 0, 0, Rebuilding Discovery Order
51, 0, Human, 0, 0, 0, Rebuilding Discovery Order
51, 1, AI, 0, 0, 0, Rebuilding Discovery Order
51, 2, AI, 0, 0, 0, Rebuilding Discovery Order
51, 3, AI, 0, 0, 0, Rebuilding Discovery Order
51, 4, AI, 0, 0, 0, Rebuilding Discovery Order
51, 5, AI, 0, 0, 0, Rebuilding Discovery Order
51, 6, AI, 0, 0, 0, Rebuilding Discovery Order
51, 7, AI, 0, 0, 0, Rebuilding Discovery Order
51, 8, AI, 0, 0, 0, Rebuilding Discovery Order
51, 9, AI, 0, 0, 0, Rebuilding Discovery Order
52, 0, Human, 0, 0, 0, Rebuilding Discovery Order
52, 1, AI, 0, 0, 0, Rebuilding Discovery Order
52, 2, AI, 0, 0, 0, Rebuilding Discovery Order
52, 3, AI, 0, 0, 0, Rebuilding Discovery Order
52, 4, AI, 0, 0, 0, Rebuilding Discovery Order
52, 5, AI, 0, 0, 0, Rebuilding Discovery Order
52, 6, AI, 0, 0, 0, Rebuilding Discovery Order
52, 7, AI, 0, 0, 0, Rebuilding Discovery Order
52, 8, AI, 0, 0, 0, Rebuilding Discovery Order
52, 9, AI, 0, 0, 0, Rebuilding Discovery Order
53, 0, Human, 0, 0, 0, Rebuilding Discovery Order
53, 1, AI, 0, 0, 0, Rebuilding Discovery Order
53, 2, AI, 0, 0, 0, Rebuilding Discovery Order
53, 3, AI, 0, 0, 0, Rebuilding Discovery Order
53, 4, AI, 0, 0, 0, Rebuilding Discovery Order
53, 5, AI, 0, 0, 0, Rebuilding Discovery Order
53, 6, AI, 0, 0, 0, Rebuilding Discovery Order
53, 7, AI, 0, 0, 0, Rebuilding Discovery Order
53, 8, AI, 0, 0, 0, Rebuilding Discovery Order
53, 9, AI, 0, 0, 0, Rebuilding Discovery Order
54, 0, Human, 0, 0, 0, Rebuilding Discovery Order
54, 1, AI, 0, 0, 0, Rebuilding Discovery Order
54, 2, AI, 0, 0, 0, Rebuilding Discovery Order
54, 3, AI, 0, 0, 0, Rebuilding Discovery Order
54, 4, AI, 0, 0, 0, Rebuilding Discovery Order
54, 5, AI, 0, 0, 0, Rebuilding Discovery Order
54, 6, AI, 0, 0, 0, Rebuilding Discovery Order
54, 7, AI, 0, 0, 0, Rebuilding Discovery Order
54, 8, AI, 0, 0, 0, Rebuilding Discovery Order
54, 9, AI, 0, 0, 0, Rebuilding Discovery Order
55, 0, Human, 0, 0, 0, Rebuilding Discovery Order
55, 1, AI, 0, 0, 0, Rebuilding Discovery Order
55, 2, AI, 0, 0, 0, Rebuilding Discovery Order
55, 3, AI, 0, 0, 0, Rebuilding Discovery Order
55, 4, AI, 0, 0, 0, Rebuilding Discovery Order
55, 5, AI, 0, 0, 0, Rebuilding Discovery Order
55, 6, AI, 0, 0, 0, Rebuilding Discovery Order
55, 7, AI, 0, 0, 0, Rebuilding Discovery Order
55, 8, AI, 0, 0, 0, Rebuilding Discovery Order
55, 9, AI, 0, 0, 0, Rebuilding Discovery Order
56, 0, Human, 0, 0, 0, Rebuilding Discovery Order
56, 1, AI, 0, 0, 0, Rebuilding Discovery Order
56, 2, AI, 0, 0, 0, Rebuilding Discovery Order
56, 3, AI, 0, 0, 0, Rebuilding Discovery Order
56, 4, AI, 0, 0, 0, Rebuilding Discovery Order
56, 5, AI, 0, 0, 0, Rebuilding Discovery Order
56, 6, AI, 0, 0, 0, Rebuilding Discovery Order
56, 7, AI, 0, 0, 0, Rebuilding Discovery Order
56, 8, AI, 0, 0, 0, Rebuilding Discovery Order
56, 9, AI, 0, 0, 0, Rebuilding Discovery Order
57, 0, Human, 0, 0, 0, Rebuilding Discovery Order
57, 1, AI, 0, 0, 0, Rebuilding Discovery Order
57, 2, AI, 0, 0, 0, Rebuilding Discovery Order
57, 3, AI, 0, 0, 0, Rebuilding Discovery Order
57, 4, AI, 0, 0, 0, Rebuilding Discovery Order
57, 5, AI, 0, 0, 0, Rebuilding Discovery Order
57, 6, AI, 0, 0, 0, Rebuilding Discovery Order
57, 7, AI, 0, 0, 0, Rebuilding Discovery Order
57, 8, AI, 0, 0, 0, Rebuilding Discovery Order
57, 9, AI, 0, 0, 0, Rebuilding Discovery Order
58, 0, Human, 0, 0, 0, Rebuilding Discovery Order
58, 1, AI, 0, 0, 0, Rebuilding Discovery Order
58, 2, AI, 0, 0, 0, Rebuilding Discovery Order
58, 3, AI, 0, 0, 0, Rebuilding Discovery Order
58, 4, AI, 0, 0, 0, Rebuilding Discovery Order
58, 5, AI, 0, 0, 0, Rebuilding Discovery Order
58, 6, AI, 0, 0, 0, Rebuilding Discovery Order
58, 7, AI, 0, 0, 0, Rebuilding Discovery Order
58, 8, AI, 0, 0, 0, Rebuilding Discovery Order
58, 9, AI, 0, 0, 0, Rebuilding Discovery Order
59, 0, Human, 0, 0, 0, Rebuilding Discovery Order
59, 1, AI, 0, 0, 0, Rebuilding Discovery Order
59, 2, AI, 0, 0, 0, Rebuilding Discovery Order
59, 3, AI, 0, 0, 0, Rebuilding Discovery Order
59, 4, AI, 0, 0, 0, Rebuilding Discovery Order
59, 5, AI, 0, 0, 0, Rebuilding Discovery Order
59, 6, AI, 0, 0, 0, Rebuilding Discovery Order
59, 7, AI, 0, 0, 0, Rebuilding Discovery Order
59, 8, AI, 0, 0, 0, Rebuilding Discovery Order
59, 9, AI, 0, 0, 0, Rebuilding Discovery Order
60, 0, Human, 0, 0, 0, Rebuilding Discovery Order
60, 1, AI, 0, 0, 0, Rebuilding Discovery Order
60, 2, AI, 0, 0, 0, Rebuilding Discovery Order
60, 3, AI, 0, 0, 0, Rebuilding Discovery Order
60, 4, AI, 0, 0, 0, Rebuilding Discovery Order
60, 5, AI, 0, 0, 0, Rebuilding Discovery Order
60, 6, AI, 0, 0, 0, Rebuilding Discovery Order
60, 7, AI, 0, 0, 0, Rebuilding Discovery Order
60, 8, AI, 0, 0, 0, Rebuilding Discovery Order
60, 9, AI, 0, 0, 0, Rebuilding Discovery Order
61, 0, Human, 0, 0, 0, Rebuilding Discovery Order
61, 1, AI, 0, 0, 0, Rebuilding Discovery Order
61, 2, AI, 0, 0, 0, Rebuilding Discovery Order
61, 3, AI, 0, 0, 0, Rebuilding Discovery Order
61, 4, AI, 0, 0, 0, Rebuilding Discovery Order
61, 5, AI, 0, 0, 0, Rebuilding Discovery Order
61, 6, AI, 0, 0, 0, Rebuilding Discovery Order
61, 7, AI, 0, 0, 0, Rebuilding Discovery Order
61, 8, AI, 0, 0, 0, Rebuilding Discovery Order
61, 9, AI, 0, 0, 0, Rebuilding Discovery Order
62, 0, Human, 0, 0, 0, Rebuilding Discovery Order
62, 1, AI, 0, 0, 0, Rebuilding Discovery Order
62, 2, AI, 0, 0, 0, Rebuilding Discovery Order
62, 3, AI, 0, 0, 0, Rebuilding Discovery Order
62, 4, AI, 0, 0, 0, Rebuilding Discovery Order
62, 5, AI, 0, 0, 0, Rebuilding Discovery Order
62, 6, AI, 0, 0, 0, Rebuilding Discovery Order
62, 7, AI, 0, 0, 0, Rebuilding Discovery Order
62, 8, AI, 0, 0, 0, Rebuilding Discovery Order
62, 9, AI, 0, 0, 0, Rebuilding Discovery Order
63, 0, Human, 0, 0, 0, Rebuilding Discovery Order
63, 1, AI, 0, 0, 0, Rebuilding Discovery Order
63, 2, AI, 0, 0, 0, Rebuilding Discovery Order
63, 3, AI, 0, 0, 0, Rebuilding Discovery Order
63, 4, AI, 0, 0, 0, Rebuilding Discovery Order
63, 5, AI, 0, 0, 0, Rebuilding Discovery Order
63, 6, AI, 0, 0, 0, Rebuilding Discovery Order
63, 7, AI, 0, 0, 0, Rebuilding Discovery Order
63, 8, AI, 0, 0, 0, Rebuilding Discovery Order
63, 9, AI, 0, 0, 0, Rebuilding Discovery Order
64, 0, Human, 0, 0, 0, Rebuilding Discovery Order
64, 1, AI, 0, 0, 0, Rebuilding Discovery Order
64, 2, AI, 0, 0, 0, Rebuilding Discovery Order
64, 3, AI, 0, 0, 0, Rebuilding Discovery Order
64, 4, AI, 0, 0, 0, Rebuilding Discovery Order
64, 5, AI, 0, 0, 0, Rebuilding Discovery Order
64, 6, AI, 0, 0, 0, Rebuilding Discovery Order
64, 7, AI, 0, 0, 0, Rebuilding Discovery Order
64, 8, AI, 0, 0, 0, Rebuilding Discovery Order
64, 9, AI, 0, 0, 0, Rebuilding Discovery Order
65, 0, Human, 0, 0, 0, Rebuilding Discovery Order
65, 1, AI, 0, 0, 0, Rebuilding Discovery Order
65, 2, AI, 0, 0, 0, Rebuilding Discovery Order
65, 3, AI, 0, 0, 0, Rebuilding Discovery Order
65, 4, AI, 0, 0, 0, Rebuilding Discovery Order
65, 5, AI, 0, 0, 0, Rebuilding Discovery Order
65, 6, AI, 0, 0, 0, Rebuilding Discovery Order
65, 7, AI, 0, 0, 0, Rebuilding Discovery Order
65, 8, AI, 0, 0, 0, Rebuilding Discovery Order
65, 9, AI, 0, 0, 0, Rebuilding Discovery Order
66, 0, Human, 0, 0, 0, Rebuilding Discovery Order
66, 1, AI, 0, 0, 0, Rebuilding Discovery Order
66, 2, AI, 0, 0, 0, Rebuilding Discovery Order
66, 3, AI, 0, 0, 0, Rebuilding Discovery Order
66, 4, AI, 0, 0, 0, Rebuilding Discovery Order
66, 5, AI, 0, 0, 0, Rebuilding Discovery Order
66, 6, AI, 0, 0, 0, Rebuilding Discovery Order
66, 7, AI, 0, 0, 0, Rebuilding Discovery Order
66, 8, AI, 0, 0, 0, Rebuilding Discovery Order
66, 9, AI, 0, 0, 0, Rebuilding Discovery Order
67, 0, Human, 0, 0, 0, Rebuilding Discovery Order
67, 1, AI, 0, 0, 0, Rebuilding Discovery Order
67, 2, AI, 0, 0, 0, Rebuilding Discovery Order
67, 3, AI, 0, 0, 0, Rebuilding Discovery Order
67, 4, AI, 0, 0, 0, Rebuilding Discovery Order
67, 5, AI, 0, 0, 0, Rebuilding Discovery Order
67, 6, AI, 0, 0, 0, Rebuilding Discovery Order
67, 7, AI, 0, 0, 0, Rebuilding Discovery Order
67, 8, AI, 0, 0, 0, Rebuilding Discovery Order
67, 9, AI, 0, 0, 0, Rebuilding Discovery Order
68, 0, Human, 0, 0, 0, Rebuilding Discovery Order
68, 1, AI, 0, 0, 0, Rebuilding Discovery Order
68, 2, AI, 0, 0, 0, Rebuilding Discovery Order
68, 3, AI, 0, 0, 0, Rebuilding Discovery Order
68, 4, AI, 0, 0, 0, Rebuilding Discovery Order
68, 5, AI, 0, 0, 0, Rebuilding Discovery Order
68, 6, AI, 0, 0, 0, Rebuilding Discovery Order
68, 7, AI, 0, 0, 0, Rebuilding Discovery Order
68, 8, AI, 0, 0, 0, Rebuilding Discovery Order
68, 9, AI, 0, 0, 0, Rebuilding Discovery Order
69, 0, Human, 0, 0, 0, Rebuilding Discovery Order
69, 1, AI, 0, 0, 0, Rebuilding Discovery Order
69, 2, AI, 0, 0, 0, Rebuilding Discovery Order
69, 3, AI, 0, 0, 0, Rebuilding Discovery Order
69, 4, AI, 0, 0, 0, Rebuilding Discovery Order
69, 5, AI, 0, 0, 0, Rebuilding Discovery Order
69, 6, AI, 0, 0, 0, Rebuilding Discovery Order
69, 7, AI, 0, 0, 0, Rebuilding Discovery Order
69, 8, AI, 0, 0, 0, Rebuilding Discovery Order
69, 9, AI, 0, 0, 0, Rebuilding Discovery Order
70, 0, Human, 0, 0, 0, Rebuilding Discovery Order
70, 1, AI, 0, 0, 0, Rebuilding Discovery Order
70, 2, AI, 0, 0, 0, Rebuilding Discovery Order
70, 3, AI, 0, 0, 0, Rebuilding Discovery Order
70, 4, AI, 0, 0, 0, Rebuilding Discovery Order
70, 5, AI, 0, 0, 0, Rebuilding Discovery Order
70, 6, AI, 0, 0, 0, Rebuilding Discovery Order
70, 7, AI, 0, 0, 0, Rebuilding Discovery Order
70, 8, AI, 0, 0, 0, Rebuilding Discovery Order
70, 9, AI, 0, 0, 0, Rebuilding Discovery Order
71, 0, Human, 0, 0, 0, Rebuilding Discovery Order
71, 1, AI, 0, 0, 0, Rebuilding Discovery Order
71, 2, AI, 0, 0, 0, Rebuilding Discovery Order
71, 3, AI, 0, 0, 0, Rebuilding Discovery Order
71, 4, AI, 0, 0, 0, Rebuilding Discovery Order
71, 5, AI, 0, 0, 0, Rebuilding Discovery Order
71, 6, AI, 0, 0, 0, Rebuilding Discovery Order
71, 7, AI, 0, 0, 0, Rebuilding Discovery Order
71, 8, AI, 0, 0, 0, Rebuilding Discovery Order
71, 9, AI, 0, 0, 0, Rebuilding Discovery Order
72, 0, Human, 0, 0, 0, Rebuilding Discovery Order
72, 1, AI, 0, 0, 0, Rebuilding Discovery Order
72, 2, AI, 0, 0, 0, Rebuilding Discovery Order
72, 3, AI, 0, 0, 0, Rebuilding Discovery Order
72, 4, AI, 0, 0, 0, Rebuilding Discovery Order
72, 5, AI, 0, 0, 0, Rebuilding Discovery Order
72, 6, AI, 0, 0, 0, Rebuilding Discovery Order
72, 7, AI, 0, 0, 0, Rebuilding Discovery Order
72, 8, AI, 0, 0, 0, Rebuilding Discovery Order
72, 9, AI, 0, 0, 0, Rebuilding Discovery Order
73, 0, Human, 0, 0, 0, Rebuilding Discovery Order
73, 1, AI, 0, 0, 0, Rebuilding Discovery Order
73, 2, AI, 0, 0, 0, Rebuilding Discovery Order
73, 3, AI, 0, 0, 0, Rebuilding Discovery Order
73, 4, AI, 0, 0, 0, Rebuilding Discovery Order
73, 5, AI, 0, 0, 0, Rebuilding Discovery Order
73, 6, AI, 0, 0, 0, Rebuilding Discovery Order
73, 7, AI, 0, 0, 0, Rebuilding Discovery Order
73, 8, AI, 0, 0, 0, Rebuilding Discovery Order
73, 9, AI, 0, 0, 0, Rebuilding Discovery Order
74, 0, Human, 0, 0, 0, Rebuilding Discovery Order
74, 1, AI, 0, 0, 0, Rebuilding Discovery Order
74, 2, AI, 0, 0, 0, Rebuilding Discovery Order
74, 3, AI, 0, 0, 0, Rebuilding Discovery Order
74, 4, AI, 0, 0, 0, Rebuilding Discovery Order
74, 5, AI, 0, 0, 0, Rebuilding Discovery Order
74, 6, AI, 0, 0, 0, Rebuilding Discovery Order
74, 7, AI, 0, 0, 0, Rebuilding Discovery Order
74, 8, AI, 0, 0, 0, Rebuilding Discovery Order
74, 9, AI, 0, 0, 0, Rebuilding Discovery Order
75, 0, Human, 0, 0, 0, Rebuilding Discovery Order
75, 1, AI, 0, 0, 0, Rebuilding Discovery Order
75, 2, AI, 0, 0, 0, Rebuilding Discovery Order
75, 3, AI, 0, 0, 0, Rebuilding Discovery Order
75, 4, AI, 0, 0, 0, Rebuilding Discovery Order
75, 5, AI, 0, 0, 0, Rebuilding Discovery Order
75, 6, AI, 0, 0, 0, Rebuilding Discovery Order
75, 7, AI, 0, 0, 0, Rebuilding Discovery Order
75, 8, AI, 0, 0, 0, Rebuilding Discovery Order
75, 9, AI, 0, 0, 0, Rebuilding Discovery Order
76, 0, Human, 0, 0, 0, Rebuilding Discovery Order
76, 1, AI, 0, 0, 0, Rebuilding Discovery Order
76, 2, AI, 0, 0, 0, Rebuilding Discovery Order
76, 3, AI, 0, 0, 0, Rebuilding Discovery Order
76, 4, AI, 0, 0, 0, Rebuilding Discovery Order
76, 5, AI, 0, 0, 0, Rebuilding Discovery Order
76, 6, AI, 0, 0, 0, Rebuilding Discovery Order
76, 7, AI, 0, 0, 0, Rebuilding Discovery Order
76, 8, AI, 0, 0, 0, Rebuilding Discovery Order
76, 9, AI, 0, 0, 0, Rebuilding Discovery Order
77, 0, Human, 0, 0, 0, Rebuilding Discovery Order
77, 1, AI, 0, 0, 0, Rebuilding Discovery Order
77, 2, AI, 0, 0, 0, Rebuilding Discovery Order
77, 3, AI, 0, 0, 0, Rebuilding Discovery Order
77, 4, AI, 0, 0, 0, Rebuilding Discovery Order
77, 5, AI, 0, 0, 0, Rebuilding Discovery Order
77, 6, AI, 0, 0, 0, Rebuilding Discovery Order
77, 7, AI, 0, 0, 0, Rebuilding Discovery Order
77, 8, AI, 0, 0, 0, Rebuilding Discovery Order
77, 9, AI, 0, 0, 0, Rebuilding Discovery Order
78, 0, Human, 0, 0, 0, Rebuilding Discovery Order
78, 1, AI, 0, 0, 0, Rebuilding Discovery Order
78, 2, AI, 0, 0, 0, Rebuilding Discovery Order
78, 3, AI, 0, 0, 0, Rebuilding Discovery Order
78, 4, AI, 0, 0, 0, Rebuilding Discovery Order
78, 5, AI, 0, 0, 0, Rebuilding Discovery Order
78, 6, AI, 0, 0, 0, Rebuilding Discovery Order
78, 7, AI, 0, 0, 0, Rebuilding Discovery Order
78, 8, AI, 0, 0, 0, Rebuilding Discovery Order
78, 9, AI, 0, 0, 0, Rebuilding Discovery Order
79, 0, Human, 0, 0, 0, Rebuilding Discovery Order
79, 1, AI, 0, 0, 0, Rebuilding Discovery Order
79, 2, AI, 0, 0, 0, Rebuilding Discovery Order
79, 3, AI, 0, 0, 0, Rebuilding Discovery Order
79, 4, AI, 0, 0, 0, Rebuilding Discovery Order
79, 5, AI, 0, 0, 0, Rebuilding Discovery Order
79, 6, AI, 0, 0, 0, Rebuilding Discovery Order
79, 7, AI, 0, 0, 0, Rebuilding Discovery Order
79, 8, AI, 0, 0, 0, Rebuilding Discovery Order
79, 9, AI, 0, 0, 0, Rebuilding Discovery Order
80, 0, Human, 0, 0, 0, Rebuilding Discovery Order
80, 1, AI, 0, 0, 0, Rebuilding Discovery Order
80, 2, AI, 0, 0, 0, Rebuilding Discovery Order
80, 3, AI, 0, 0, 0, Rebuilding Discovery Order
80, 4, AI, 0, 0, 0, Rebuilding Discovery Order
80, 5, AI, 0, 0, 0, Rebuilding Discovery Order
80, 6, AI, 0, 0, 0, Rebuilding Discovery Order
80, 7, AI, 0, 0, 0, Rebuilding Discovery Order
80, 8, AI, 0, 0, 0, Rebuilding Discovery Order
80, 9, AI, 0, 0, 0, Rebuilding Discovery Order
81, 0, Human, 0, 0, 0, Rebuilding Discovery Order
81, 1, AI, 0, 0, 0, Rebuilding Discovery Order
81, 2, AI, 0, 0, 0, Rebuilding Discovery Order
81, 3, AI, 0, 0, 0, Rebuilding Discovery Order
81, 4, AI, 0, 0, 0, Rebuilding Discovery Order
81, 5, AI, 0, 0, 0, Rebuilding Discovery Order
81, 6, AI, 0, 0, 0, Rebuilding Discovery Order
81, 7, AI, 0, 0, 0, Rebuilding Discovery Order
81, 8, AI, 0, 0, 0, Rebuilding Discovery Order
81, 9, AI, 0, 0, 0, Rebuilding Discovery Order
82, 0, Human, 0, 0, 0, Rebuilding Discovery Order
82, 1, AI, 0, 0, 0, Rebuilding Discovery Order
82, 2, AI, 0, 0, 0, Rebuilding Discovery Order
82, 3, AI, 0, 0, 0, Rebuilding Discovery Order
82, 4, AI, 0, 0, 0, Rebuilding Discovery Order
82, 5, AI, 0, 0, 0, Rebuilding Discovery Order
82, 6, AI, 0, 0, 0, Rebuilding Discovery Order
82, 7, AI, 0, 0, 0, Rebuilding Discovery Order
82, 8, AI, 0, 0, 0, Rebuilding Discovery Order
82, 9, AI, 0, 0, 0, Rebuilding Discovery Order
83, 0, Human, 0, 0, 0, Rebuilding Discovery Order
83, 1, AI, 0, 0, 0, Rebuilding Discovery Order
83, 2, AI, 0, 0, 0, Rebuilding Discovery Order
83, 3, AI, 0, 0, 0, Rebuilding Discovery Order
83, 4, AI, 0, 0, 0, Rebuilding Discovery Order
83, 5, AI, 0, 0, 0, Rebuilding Discovery Order
83, 6, AI, 0, 0, 0, Rebuilding Discovery Order
83, 7, AI, 0, 0, 0, Rebuilding Discovery Order
83, 8, AI, 0, 0, 0, Rebuilding Discovery Order
83, 9, AI, 0, 0, 0, Rebuilding Discovery Order
84, 0, Human, 0, 0, 0, Rebuilding Discovery Order
84, 1, AI, 0, 0, 0, Rebuilding Discovery Order
84, 2, AI, 0, 0, 0, Rebuilding Discovery Order
84, 3, AI, 0, 0, 0, Rebuilding Discovery Order
84, 4, AI, 0, 0, 0, Rebuilding Discovery Order
84, 5, AI, 0, 0, 0, Rebuilding Discovery Order
84, 6, AI, 0, 0, 0, Rebuilding Discovery Order
84, 7, AI, 0, 0, 0, Rebuilding Discovery Order
84, 8, AI, 0, 0, 0, Rebuilding Discovery Order
84, 9, AI, 0, 0, 0, Rebuilding Discovery Order
85, 0, Human, 0, 0, 0, Rebuilding Discovery Order
85, 1, AI, 0, 0, 0, Rebuilding Discovery Order
85, 2, AI, 0, 0, 0, Rebuilding Discovery Order
85, 3, AI, 0, 0, 0, Rebuilding Discovery Order
85, 4, AI, 0, 0, 0, Rebuilding Discovery Order
85, 5, AI, 0, 0, 0, Rebuilding Discovery Order
85, 6, AI, 0, 0, 0, Rebuilding Discovery Order
85, 7, AI, 0, 0, 0, Rebuilding Discovery Order
85, 8, AI, 0, 0, 0, Rebuilding Discovery Order
85, 9, AI, 0, 0, 0, Rebuilding Discovery Order
86, 0, Human, 0, 0, 0, Rebuilding Discovery Order
86, 1, AI, 0, 0, 0, Rebuilding Discovery Order
86, 2, AI, 0, 0, 0, Rebuilding Discovery Order
86, 3, AI, 0, 0, 0, Rebuilding Discovery Order
86, 4, AI, 0, 0, 0, Rebuilding Discovery Order
86, 5, AI, 0, 0, 0, Rebuilding Discovery Order
86, 6, AI, 0, 0, 0, Rebuilding Discovery Order
86, 7, AI, 0, 0, 0, Rebuilding Discovery Order
86, 8, AI, 0, 0, 0, Rebuilding Discovery Order
86, 9, AI, 0, 0, 0, Rebuilding Discovery Order
87, 0, Human, 0, 0, 0, Rebuilding Discovery Order
87, 1, AI, 0, 0, 0, Rebuilding Discovery Order
87, 2, AI, 0, 0, 0, Rebuilding Discovery Order
87, 3, AI, 0, 0, 0, Rebuilding Discovery Order
87, 4, AI, 0, 0, 0, Rebuilding Discovery Order
87, 5, AI, 0, 0, 0, Rebuilding Discovery Order
87, 6, AI, 0, 0, 0, Rebuilding Discovery Order
87, 7, AI, 0, 0, 0, Rebuilding Discovery Order
87, 8, AI, 0, 0, 0, Rebuilding Discovery Order
87, 9, AI, 0, 0, 0, Rebuilding Discovery Order
88, 0, Human, 0, 0, 0, Rebuilding Discovery Order
88, 1, AI, 0, 0, 0, Rebuilding Discovery Order
88, 2, AI, 0, 0, 0, Rebuilding Discovery Order
88, 3, AI, 0, 0, 0, Rebuilding Discovery Order
88, 4, AI, 0, 0, 0, Rebuilding Discovery Order
88, 5, AI, 0, 0, 0, Rebuilding Discovery Order
88, 6, AI, 0, 0, 0, Rebuilding Discovery Order
88, 7, AI, 0, 0, 0, Rebuilding Discovery Order
88, 8, AI, 0, 0, 0, Rebuilding Discovery Order
88, 9, AI, 0, 0, 0, Rebuilding Discovery Order
89, 0, Human, 0, 0, 0, Rebuilding Discovery Order
89, 1, AI, 0, 0, 0, Rebuilding Discovery Order
89, 2, AI, 0, 0, 0, Rebuilding Discovery Order
89, 3, AI, 0, 0, 0, Rebuilding Discovery Order
89, 4, AI, 0, 0, 0, Rebuilding Discovery Order
89, 5, AI, 0, 0, 0, Rebuilding Discovery Order
89, 6, AI, 0, 0, 0, Rebuilding Discovery Order
89, 7, AI, 0, 0, 0, Rebuilding Discovery Order
89, 8, AI, 0, 0, 0, Rebuilding Discovery Order
89, 9, AI, 0, 0, 0, Rebuilding Discovery Order
90, 0, Human, 0, 0, 0, Rebuilding Discovery Order
90, 1, AI, 0, 0, 0, Rebuilding Discovery Order
90, 2, AI, 0, 0, 0, Rebuilding Discovery Order
90, 3, AI, 0, 0, 0, Rebuilding Discovery Order
90, 4, AI, 0, 0, 0, Rebuilding Discovery Order
90, 5, AI, 0, 0, 0, Rebuilding Discovery Order
90, 6, AI, 0, 0, 0, Rebuilding Discovery Order
90, 7, AI, 0, 0, 0, Rebuilding Discovery Order
90, 8, AI, 0, 0, 0, Rebuilding Discovery Order
90, 9, AI, 0, 0, 0, Rebuilding Discovery Order
91, 0, Human, 0, 0, 0, Rebuilding Discovery Order
91, 1, AI, 0, 0, 0, Rebuilding Discovery Order
91, 2, AI, 0, 0, 0, Rebuilding Discovery Order
91, 3, AI, 0, 0, 0, Rebuilding Discovery Order
91, 4, AI, 0, 0, 0, Rebuilding Discovery Order
91, 5, AI, 0, 0, 0, Rebuilding Discovery Order
91, 6, AI, 0, 0, 0, Rebuilding Discovery Order
91, 7, AI, 0, 0, 0, Rebuilding Discovery Order
91, 8, AI, 0, 0, 0, Rebuilding Discovery Order
91, 9, AI, 0, 0, 0, Rebuilding Discovery Order
92, 0, Human, 0, 0, 0, Rebuilding Discovery Order
92, 1, AI, 0, 0, 0, Rebuilding Discovery Order
92, 2, AI, 0, 0, 0, Rebuilding Discovery Order
92, 3, AI, 0, 0, 0, Rebuilding Discovery Order
92, 4, AI, 0, 0, 0, Rebuilding Discovery Order
92, 5, AI, 0, 0, 0, Rebuilding Discovery Order
92, 6, AI, 0, 0, 0, Rebuilding Discovery Order
92, 7, AI, 0, 0, 0, Rebuilding Discovery Order
92, 8, AI, 0, 0, 0, Rebuilding Discovery Order
92, 9, AI, 0, 0, 0, Rebuilding Discovery Order
93, 0, Human, 0, 0, 0, Rebuilding Discovery Order
93, 1, AI, 0, 0, 0, Rebuilding Discovery Order
93, 2, AI, 0, 0, 0, Rebuilding Discovery Order
93, 3, AI, 0, 0, 0, Rebuilding Discovery Order
93, 4, AI, 0, 0, 0, Rebuilding Discovery Order
93, 5, AI, 0, 0, 0, Rebuilding Discovery Order
93, 6, AI, 0, 0, 0, Rebuilding Discovery Order
93, 7, AI, 0, 0, 0, Rebuilding Discovery Order
93, 8, AI, 0, 0, 0, Rebuilding Discovery Order
93, 9, AI, 0, 0, 0, Rebuilding Discovery Order
94, 0, Human, 0, 0, 0, Rebuilding Discovery Order
94, 1, AI, 0, 0, 0, Rebuilding Discovery Order
94, 2, AI, 0, 0, 0, Rebuilding Discovery Order
94, 3, AI, 0, 0, 0, Rebuilding Discovery Order
94, 4, AI, 0, 0, 0, Rebuilding Discovery Order
94, 5, AI, 0, 0, 0, Rebuilding Discovery Order
94, 6, AI, 0, 0, 0, Rebuilding Discovery Order
94, 7, AI, 0, 0, 0, Rebuilding Discovery Order
94, 8, AI, 0, 0, 0, Rebuilding Discovery Order
94, 9, AI, 0, 0, 0, Rebuilding Discovery Order
95, 0, Human, 0, 0, 0, Rebuilding Discovery Order
95, 1, AI, 0, 0, 0, Rebuilding Discovery Order
95, 2, AI, 0, 0, 0, Rebuilding Discovery Order
95, 3, AI, 0, 0, 0, Rebuilding Discovery Order
95, 4, AI, 0, 0, 0, Rebuilding Discovery Order
95, 5, AI, 0, 0, 0, Rebuilding Discovery Order
95, 6, AI, 0, 0, 0, Rebuilding Discovery Order
95, 7, AI, 0, 0, 0, Rebuilding Discovery Order
95, 8, AI, 0, 0, 0, Rebuilding Discovery Order
95, 9, AI, 0, 0, 0, Rebuilding Discovery Order
96, 0, Human, 0, 0, 0, Rebuilding Discovery Order
96, 1, AI, 0, 0, 0, Rebuilding Discovery Order
96, 2, AI, 0, 0, 0, Rebuilding Discovery Order
96, 3, AI, 0, 0, 0, Rebuilding Discovery Order
96, 4, AI, 0, 0, 0, Rebuilding Discovery Order
96, 5, AI, 0, 0, 0, Rebuilding Discovery Order
96, 6, AI, 0, 0, 0, Rebuilding Discovery Order
96, 7, AI, 0, 0, 0, Rebuilding Discovery Order
96, 8, AI, 0, 0, 0, Rebuilding Discovery Order
96, 9, AI, 0, 0, 0, Rebuilding Discovery Order
97, 0, Human, 0, 0, 0, Rebuilding Discovery Order
97, 1, AI, 0, 0, 0, Rebuilding Discovery Order
97, 2, AI, 0, 0, 0, Rebuilding Discovery Order
97, 3, AI, 0, 0, 0, Rebuilding Discovery Order
97, 4, AI, 0, 0, 0, Rebuilding Discovery Order
97, 5, AI, 0, 0, 0, Rebuilding Discovery Order
97, 6, AI, 0, 0, 0, Rebuilding Discovery Order
97, 7, AI, 0, 0, 0, Rebuilding Discovery Order
97, 8, AI, 0, 0, 0, Rebuilding Discovery Order
97, 9, AI, 0, 0, 0, Rebuilding Discovery Order
98, 0, Human, 0, 0, 0, Rebuilding Discovery Order
98, 1, AI, 0, 0, 0, Rebuilding Discovery Order
98, 2, AI, 0, 0, 0, Rebuilding Discovery Order
98, 3, AI, 0, 0, 0, Rebuilding Discovery Order
98, 4, AI, 0, 0, 0, Rebuilding Discovery Order
98, 5, AI, 0, 0, 0, Rebuilding Discovery Order
98, 6, AI, 0, 0, 0, Rebuilding Discovery Order
98, 7, AI, 0, 0, 0, Rebuilding Discovery Order
98, 8, AI, 0, 0, 0, Rebuilding Discovery Order
98, 9, AI, 0, 0, 0, Rebuilding Discovery Order
99, 0, Human, 0, 0, 0, Rebuilding Discovery Order
99, 1, AI, 0, 0, 0, Rebuilding Discovery Order
99, 2, AI, 0, 0, 0, Rebuilding Discovery Order
99, 3, AI, 0, 0, 0, Rebuilding Discovery Order
99, 4, AI, 0, 0, 0, Rebuilding Discovery Order
99, 5, AI, 0, 0, 0, Rebuilding Discovery Order
99, 6, AI, 0, 0, 0, Rebuilding Discovery Order
99, 7, AI, 0, 0, 0, Rebuilding Discovery Order
99, 8, AI, 0, 0, 0, Rebuilding Discovery Order
99, 9, AI, 0, 0, 0, Rebuilding Discovery Order
100, 0, Human, 0, 0, 0, Rebuilding Discovery Order
100, 1, AI, 0, 0, 0, Rebuilding Discovery Order
100, 2, AI, 0, 0, 0, Rebuilding Discovery Order
100, 3, AI, 0, 0, 0, Rebuilding Discovery Order
100, 4, AI, 0, 0, 0, Rebuilding Discovery Order
100, 5, AI, 0, 0, 0, Rebuilding Discovery Order
100, 6, AI, 0, 0, 0, Rebuilding Discovery Order
100, 7, AI, 0, 0, 0, Rebuilding Discovery Order
100, 8, AI, 0, 0, 0, Rebuilding Discovery Order
100, 9, AI, 0, 0, 0, Rebuilding Discovery Order
101, 0, Human, 0, 0, 0, Rebuilding Discovery Order
101, 1, AI, 0, 0, 0, Rebuilding Discovery Order
101, 2, AI, 0, 0, 0, Rebuilding Discovery Order
101, 3, AI, 0, 0, 0, Rebuilding Discovery Order
101, 4, AI, 0, 0, 0, Rebuilding Discovery Order
101, 5, AI, 0, 0, 0, Rebuilding Discovery Order
101, 6, AI, 0, 0, 0, Rebuilding Discovery Order
101, 7, AI, 0, 0, 0, Rebuilding Discovery Order
101, 8, AI, 0, 0, 0, Rebuilding Discovery Order
101, 9, AI, 0, 0, 0, Rebuilding Discovery Order
102, 0, Human, 0, 0, 0, Rebuilding Discovery Order
102, 1, AI, 0, 0, 0, Rebuilding Discovery Order
102, 2, AI, 0, 0, 0, Rebuilding Discovery Order
102, 3, AI, 0, 0, 0, Rebuilding Discovery Order
102, 4, AI, 0, 0, 0, Rebuilding Discovery Order
102, 5, AI, 0, 0, 0, Rebuilding Discovery Order
102, 6, AI, 0, 0, 0, Rebuilding Discovery Order
102, 7, AI, 0, 0, 0, Rebuilding Discovery Order
102, 8, AI, 0, 0, 0, Rebuilding Discovery Order
102, 9, AI, 0, 0, 0, Rebuilding Discovery Order
103, 0, Human, 0, 0, 0, Rebuilding Discovery Order
103, 1, AI, 0, 0, 0, Rebuilding Discovery Order
103, 2, AI, 0, 0, 0, Rebuilding Discovery Order
103, 3, AI, 0, 0, 0, Rebuilding Discovery Order
103, 4, AI, 0, 0, 0, Rebuilding Discovery Order
103, 5, AI, 0, 0, 0, Rebuilding Discovery Order
103, 6, AI, 0, 0, 0, Rebuilding Discovery Order
103, 7, AI, 0, 0, 0, Rebuilding Discovery Order
103, 8, AI, 0, 0, 0, Rebuilding Discovery Order
103, 9, AI, 0, 0, 0, Rebuilding Discovery Order
104, 0, Human, 0, 0, 0, Rebuilding Discovery Order
104, 1, AI, 0, 0, 0, Rebuilding Discovery Order
104, 2, AI, 0, 0, 0, Rebuilding Discovery Order
104, 3, AI, 0, 0, 0, Rebuilding Discovery Order
104, 4, AI, 0, 0, 0, Rebuilding Discovery Order
104, 5, AI, 0, 0, 0, Rebuilding Discovery Order
104, 6, AI, 0, 0, 0, Rebuilding Discovery Order
104, 7, AI, 0, 0, 0, Rebuilding Discovery Order
104, 8, AI, 0, 0, 0, Rebuilding Discovery Order
104, 9, AI, 0, 0, 0, Rebuilding Discovery Order
105, 0, Human, 0, 0, 0, Rebuilding Discovery Order
105, 1, AI, 0, 0, 0, Rebuilding Discovery Order
105, 2, AI, 0, 0, 0, Rebuilding Discovery Order
105, 3, AI, 0, 0, 0, Rebuilding Discovery Order
105, 4, AI, 0, 0, 0, Rebuilding Discovery Order
105, 5, AI, 0, 0, 0, Rebuilding Discovery Order
105, 6, AI, 0, 0, 0, Rebuilding Discovery Order
105, 7, AI, 0, 0, 0, Rebuilding Discovery Order
105, 8, AI, 0, 0, 0, Rebuilding Discovery Order
105, 9, AI, 0, 0, 0, Rebuilding Discovery Order
106, 0, Human, 0, 0, 0, Rebuilding Discovery Order
106, 1, AI, 0, 0, 0, Rebuilding Discovery Order
106, 2, AI, 0, 0, 0, Rebuilding Discovery Order
106, 3, AI, 0, 0, 0, Rebuilding Discovery Order
106, 4, AI, 0, 0, 0, Rebuilding Discovery Order
106, 5, AI, 0, 0, 0, Rebuilding Discovery Order
106, 6, AI, 0, 0, 0, Rebuilding Discovery Order
106, 7, AI, 0, 0, 0, Rebuilding Discovery Order
106, 8, AI, 0, 0, 0, Rebuilding Discovery Order
106, 9, AI, 0, 0, 0, Rebuilding Discovery Order
107, 0, Human, 0, 0, 0, Rebuilding Discovery Order
107, 1, AI, 0, 0, 0, Rebuilding Discovery Order
107, 2, AI, 0, 0, 0, Rebuilding Discovery Order
107, 3, AI, 0, 0, 0, Rebuilding Discovery Order
107, 4, AI, 0, 0, 0, Rebuilding Discovery Order
107, 5, AI, 0, 0, 0, Rebuilding Discovery Order
107, 6, AI, 0, 0, 0, Rebuilding Discovery Order
107, 7, AI, 0, 0, 0, Rebuilding Discovery Order
107, 8, AI, 0, 0, 0, Rebuilding Discovery Order
107, 9, AI, 0, 0, 0, Rebuilding Discovery Order
108, 0, Human, 0, 0, 0, Rebuilding Discovery Order
108, 1, AI, 0, 0, 0, Rebuilding Discovery Order
108, 2, AI, 0, 0, 0, Rebuilding Discovery Order
108, 3, AI, 0, 0, 0, Rebuilding Discovery Order
108, 4, AI, 0, 0, 0, Rebuilding Discovery Order
108, 5, AI, 0, 0, 0, Rebuilding Discovery Order
108, 6, AI, 0, 0, 0, Rebuilding Discovery Order
108, 7, AI, 0, 0, 0, Rebuilding Discovery Order
108, 8, AI, 0, 0, 0, Rebuilding Discovery Order
108, 9, AI, 0, 0, 0, Rebuilding Discovery Order
109, 0, Human, 0, 0, 0, Rebuilding Discovery Order
109, 1, AI, 0, 0, 0, Rebuilding Discovery Order
109, 2, AI, 0, 0, 0, Rebuilding Discovery Order
109, 3, AI, 0, 0, 0, Rebuilding Discovery Order
109, 4, AI, 0, 0, 0, Rebuilding Discovery Order
109, 5, AI, 0, 0, 0, Rebuilding Discovery Order
109, 6, AI, 0, 0, 0, Rebuilding Discovery Order
109, 7, AI, 0, 0, 0, Rebuilding Discovery Order
109, 8, AI, 0, 0, 0, Rebuilding Discovery Order
109, 9, AI, 0, 0, 0, Rebuilding Discovery Order
110, 0, Human, 0, 0, 0, Rebuilding Discovery Order
110, 1, AI, 0, 0, 0, Rebuilding Discovery Order
110, 2, AI, 0, 0, 0, Rebuilding Discovery Order
110, 3, AI, 0, 0, 0, Rebuilding Discovery Order
110, 4, AI, 0, 0, 0, Rebuilding Discovery Order
110, 5, AI, 0, 0, 0, Rebuilding Discovery Order
110, 6, AI, 0, 0, 0, Rebuilding Discovery Order
110, 7, AI, 0, 0, 0, Rebuilding Discovery Order
110, 8, AI, 0, 0, 0, Rebuilding Discovery Order
110, 9, AI, 0, 0, 0, Rebuilding Discovery Order
111, 0, Human, 0, 0, 0, Rebuilding Discovery Order
111, 1, AI, 0, 0, 0, Rebuilding Discovery Order
111, 2, AI, 0, 0, 0, Rebuilding Discovery Order
111, 3, AI, 0, 0, 0, Rebuilding Discovery Order
111, 4, AI, 0, 0, 0, Rebuilding Discovery Order
111, 5, AI, 0, 0, 0, Rebuilding Discovery Order
111, 6, AI, 0, 0, 0, Rebuilding Discovery Order
111, 7, AI, 0, 0, 0, Rebuilding Discovery Order
111, 8, AI, 0, 0, 0, Rebuilding Discovery Order
111, 9, AI, 0, 0, 0, Rebuilding Discovery Order
112, 0, Human, 0, 0, 0, Rebuilding Discovery Order
112, 1, AI, 0, 0, 0, Rebuilding Discovery Order
112, 2, AI, 0, 0, 0, Rebuilding Discovery Order
112, 3, AI, 0, 0, 0, Rebuilding Discovery Order
112, 4, AI, 0, 0, 0, Rebuilding Discovery Order
112, 5, AI, 0, 0, 0, Rebuilding Discovery Order
112, 6, AI, 0, 0, 0, Rebuilding Discovery Order
112, 7, AI, 0, 0, 0, Rebuilding Discovery Order
112, 8, AI, 0, 0, 0, Rebuilding Discovery Order
112, 9, AI, 0, 0, 0, Rebuilding Discovery Order
113, 0, Human, 0, 0, 0, Rebuilding Discovery Order
113, 1, AI, 0, 0, 0, Rebuilding Discovery Order
113, 2, AI, 0, 0, 0, Rebuilding Discovery Order
113, 3, AI, 0, 0, 0, Rebuilding Discovery Order
113, 4, AI, 0, 0, 0, Rebuilding Discovery Order
113, 5, AI, 0, 0, 0, Rebuilding Discovery Order
113, 6, AI, 0, 0, 0, Rebuilding Discovery Order
113, 7, AI, 0, 0, 0, Rebuilding Discovery Order
113, 8, AI, 0, 0, 0, Rebuilding Discovery Order
113, 9, AI, 0, 0, 0, Rebuilding Discovery Order
114, 0, Human, 0, 0, 0, Rebuilding Discovery Order
114, 1, AI, 0, 0, 0, Rebuilding Discovery Order
114, 2, AI, 0, 0, 0, Rebuilding Discovery Order
114, 3, AI, 0, 0, 0, Rebuilding Discovery Order
114, 4, AI, 0, 0, 0, Rebuilding Discovery Order
114, 5, AI, 0, 0, 0, Rebuilding Discovery Order
114, 6, AI, 0, 0, 0, Rebuilding Discovery Order
114, 7, AI, 0, 0, 0, Rebuilding Discovery Order
114, 8, AI, 0, 0, 0, Rebuilding Discovery Order
114, 9, AI, 0, 0, 0, Rebuilding Discovery Order
115, 0, Human, 0, 0, 0, Rebuilding Discovery Order
115, 1, AI, 0, 0, 0, Rebuilding Discovery Order
115, 2, AI, 0, 0, 0, Rebuilding Discovery Order
115, 3, AI, 0, 0, 0, Rebuilding Discovery Order
115, 4, AI, 0, 0, 0, Rebuilding Discovery Order
115, 5, AI, 0, 0, 0, Rebuilding Discovery Order
115, 6, AI, 0, 0, 0, Rebuilding Discovery Order
115, 7, AI, 0, 0, 0, Rebuilding Discovery Order
115, 8, AI, 0, 0, 0, Rebuilding Discovery Order
115, 9, AI, 0, 0, 0, Rebuilding Discovery Order
116, 0, Human, 0, 0, 0, Rebuilding Discovery Order
116, 1, AI, 0, 0, 0, Rebuilding Discovery Order
116, 2, AI, 0, 0, 0, Rebuilding Discovery Order
116, 3, AI, 0, 0, 0, Rebuilding Discovery Order
116, 4, AI, 0, 0, 0, Rebuilding Discovery Order
116, 5, AI, 0, 0, 0, Rebuilding Discovery Order
116, 6, AI, 0, 0, 0, Rebuilding Discovery Order
116, 7, AI, 0, 0, 0, Rebuilding Discovery Order
116, 8, AI, 0, 0, 0, Rebuilding Discovery Order
116, 9, AI, 0, 0, 0, Rebuilding Discovery Order
117, 0, Human, 0, 0, 0, Rebuilding Discovery Order
117, 1, AI, 0, 0, 0, Rebuilding Discovery Order
117, 2, AI, 0, 0, 0, Rebuilding Discovery Order
117, 3, AI, 0, 0, 0, Rebuilding Discovery Order
117, 4, AI, 0, 0, 0, Rebuilding Discovery Order
117, 5, AI, 0, 0, 0, Rebuilding Discovery Order
117, 6, AI, 0, 0, 0, Rebuilding Discovery Order
117, 7, AI, 0, 0, 0, Rebuilding Discovery Order
117, 8, AI, 0, 0, 0, Rebuilding Discovery Order
117, 9, AI, 0, 0, 0, Rebuilding Discovery Order
118, 0, Human, 0, 0, 0, Rebuilding Discovery Order
118, 1, AI, 0, 0, 0, Rebuilding Discovery Order
118, 2, AI, 0, 0, 0, Rebuilding Discovery Order
118, 3, AI, 0, 0, 0, Rebuilding Discovery Order
118, 4, AI, 0, 0, 0, Rebuilding Discovery Order
118, 5, AI, 0, 0, 0, Rebuilding Discovery Order
118, 6, AI, 0, 0, 0, Rebuilding Discovery Order
118, 7, AI, 0, 0, 0, Rebuilding Discovery Order
118, 8, AI, 0, 0, 0, Rebuilding Discovery Order
118, 9, AI, 0, 0, 0, Rebuilding Discovery Order
119, 0, Human, 0, 0, 0, Rebuilding Discovery Order
119, 1, AI, 0, 0, 0, Rebuilding Discovery Order
119, 2, AI, 0, 0, 0, Rebuilding Discovery Order
119, 3, AI, 0, 0, 0, Rebuilding Discovery Order
119, 4, AI, 0, 0, 0, Rebuilding Discovery Order
119, 5, AI, 0, 0, 0, Rebuilding Discovery Order
119, 6, AI, 0, 0, 0, Rebuilding Discovery Order
119, 7, AI, 0, 0, 0, Rebuilding Discovery Order
119, 8, AI, 0, 0, 0, Rebuilding Discovery Order
119, 9, AI, 0, 0, 0, Rebuilding Discovery Order
120, 0, Human, 0, 0, 0, Rebuilding Discovery Order
120, 1, AI, 0, 0, 0, Rebuilding Discovery Order
120, 2, AI, 0, 0, 0, Rebuilding Discovery Order
120, 3, AI, 0, 0, 0, Rebuilding Discovery Order
120, 4, AI, 0, 0, 0, Rebuilding Discovery Order
120, 5, AI, 0, 0, 0, Rebuilding Discovery Order
120, 6, AI, 0, 0, 0, Rebuilding Discovery Order
120, 7, AI, 0, 0, 0, Rebuilding Discovery Order
120, 8, AI, 0, 0, 0, Rebuilding Discovery Order
120, 9, AI, 0, 0, 0, Rebuilding Discovery Order
121, 0, Human, 0, 0, 0, Rebuilding Discovery Order
121, 1, AI, 0, 0, 0, Rebuilding Discovery Order
121, 2, AI, 0, 0, 0, Rebuilding Discovery Order
121, 3, AI, 0, 0, 0, Rebuilding Discovery Order
121, 4, AI, 0, 0, 0, Rebuilding Discovery Order
121, 5, AI, 0, 0, 0, Rebuilding Discovery Order
121, 6, AI, 0, 0, 0, Rebuilding Discovery Order
121, 7, AI, 0, 0, 0, Rebuilding Discovery Order
121, 8, AI, 0, 0, 0, Rebuilding Discovery Order
121, 9, AI, 0, 0, 0, Rebuilding Discovery Order
122, 0, Human, 0, 0, 0, Rebuilding Discovery Order
122, 1, AI, 0, 0, 0, Rebuilding Discovery Order
122, 2, AI, 0, 0, 0, Rebuilding Discovery Order
122, 3, AI, 0, 0, 0, Rebuilding Discovery Order
122, 4, AI, 0, 0, 0, Rebuilding Discovery Order
122, 5, AI, 0, 0, 0, Rebuilding Discovery Order
122, 6, AI, 0, 0, 0, Rebuilding Discovery Order
122, 7, AI, 0, 0, 0, Rebuilding Discovery Order
122, 8, AI, 0, 0, 0, Rebuilding Discovery Order
122, 9, AI, 0, 0, 0, Rebuilding Discovery Order
123, 0, Human, 0, 0, 0, Rebuilding Discovery Order
123, 1, AI, 0, 0, 0, Rebuilding Discovery Order
123, 2, AI, 0, 0, 0, Rebuilding Discovery Order
123, 3, AI, 0, 0, 0, Rebuilding Discovery Order
123, 4, AI, 0, 0, 0, Rebuilding Discovery Order
123, 5, AI, 0, 0, 0, Rebuilding Discovery Order
123, 6, AI, 0, 0, 0, Rebuilding Discovery Order
123, 7, AI, 0, 0, 0, Rebuilding Discovery Order
123, 8, AI, 0, 0, 0, Rebuilding Discovery Order
123, 9, AI, 0, 0, 0, Rebuilding Discovery Order
124, 0, Human, 0, 0, 0, Rebuilding Discovery Order
124, 1, AI, 0, 0, 0, Rebuilding Discovery Order
124, 2, AI, 0, 0, 0, Rebuilding Discovery Order
124, 3, AI, 0, 0, 0, Rebuilding Discovery Order
124, 4, AI, 0, 0, 0, Rebuilding Discovery Order
124, 5, AI, 0, 0, 0, Rebuilding Discovery Order
124, 6, AI, 0, 0, 0, Rebuilding Discovery Order
124, 7, AI, 0, 0, 0, Rebuilding Discovery Order
124, 8, AI, 0, 0, 0, Rebuilding Discovery Order
124, 9, AI, 0, 0, 0, Rebuilding Discovery Order
125, 0, Human, 0, 0, 0, Rebuilding Discovery Order
125, 1, AI, 0, 0, 0, Rebuilding Discovery Order
125, 2, AI, 0, 0, 0, Rebuilding Discovery Order
125, 3, AI, 0, 0, 0, Rebuilding Discovery Order
125, 4, AI, 0, 0, 0, Rebuilding Discovery Order
125, 5, AI, 0, 0, 0, Rebuilding Discovery Order
125, 6, AI, 0, 0, 0, Rebuilding Discovery Order
125, 7, AI, 0, 0, 0, Rebuilding Discovery Order
125, 8, AI, 0, 0, 0, Rebuilding Discovery Order
125, 9, AI, 0, 0, 0, Rebuilding Discovery Order
126, 0, Human, 0, 0, 0, Rebuilding Discovery Order
126, 1, AI, 0, 0, 0, Rebuilding Discovery Order
126, 2, AI, 0, 0, 0, Rebuilding Discovery Order
126, 3, AI, 0, 0, 0, Rebuilding Discovery Order
126, 4, AI, 0, 0, 0, Rebuilding Discovery Order
126, 5, AI, 0, 0, 0, Rebuilding Discovery Order
126, 6, AI, 0, 0, 0, Rebuilding Discovery Order
126, 7, AI, 0, 0, 0, Rebuilding Discovery Order
126, 8, AI, 0, 0, 0, Rebuilding Discovery Order
126, 9, AI, 0, 0, 0, Rebuilding Discovery Order
127, 0, Human, 0, 0, 0, Rebuilding Discovery Order
127, 1, AI, 0, 0, 0, Rebuilding Discovery Order
127, 2, AI, 0, 0, 0, Rebuilding Discovery Order
127, 3, AI, 0, 0, 0, Rebuilding Discovery Order
127, 4, AI, 0, 0, 0, Rebuilding Discovery Order
127, 5, AI, 0, 0, 0, Rebuilding Discovery Order
127, 6, AI, 0, 0, 0, Rebuilding Discovery Order
127, 7, AI, 0, 0, 0, Rebuilding Discovery Order
127, 8, AI, 0, 0, 0, Rebuilding Discovery Order
127, 9, AI, 0, 0, 0, Rebuilding Discovery Order
128, 0, Human, 0, 0, 0, Rebuilding Discovery Order
128, 1, AI, 0, 0, 0, Rebuilding Discovery Order
128, 2, AI, 0, 0, 0, Rebuilding Discovery Order
128, 3, AI, 0, 0, 0, Rebuilding Discovery Order
128, 4, AI, 0, 0, 0, Rebuilding Discovery Order
128, 5, AI, 0, 0, 0, Rebuilding Discovery Order
128, 6, AI, 0, 0, 0, Rebuilding Discovery Order
128, 7, AI, 0, 0, 0, Rebuilding Discovery Order
128, 8, AI, 0, 0, 0, Rebuilding Discovery Order
128, 9, AI, 0, 0, 0, Rebuilding Discovery Order
129, 0, Human, 0, 0, 0, Rebuilding Discovery Order
129, 1, AI, 0, 0, 0, Rebuilding Discovery Order
129, 2, AI, 0, 0, 0, Rebuilding Discovery Order
129, 3, AI, 0, 0, 0, Rebuilding Discovery Order
129, 4, AI, 0, 0, 0, Rebuilding Discovery Order
129, 5, AI, 0, 0, 0, Rebuilding Discovery Order
129, 6, AI, 0, 0, 0, Rebuilding Discovery Order
129, 7, AI, 0, 0, 0, Rebuilding Discovery Order
129, 8, AI, 0, 0, 0, Rebuilding Discovery Order
129, 9, AI, 0, 0, 0, Rebuilding Discovery Order
130, 0, Human, 0, 0, 0, Rebuilding Discovery Order
130, 1, AI, 0, 0, 0, Rebuilding Discovery Order
130, 2, AI, 0, 0, 0, Rebuilding Discovery Order
130, 3, AI, 0, 0, 0, Rebuilding Discovery Order
130, 4, AI, 0, 0, 0, Rebuilding Discovery Order
130, 5, AI, 0, 0, 0, Rebuilding Discovery Order
130, 6, AI, 0, 0, 0, Rebuilding Discovery Order
130, 7, AI, 0, 0, 0, Rebuilding Discovery Order
130, 8, AI, 0, 0, 0, Rebuilding Discovery Order
130, 9, AI, 0, 0, 0, Rebuilding Discovery Order
131, 0, Human, 0, 0, 0, Rebuilding Discovery Order
131, 1, AI, 0, 0, 0, Rebuilding Discovery Order
131, 2, AI, 0, 0, 0, Rebuilding Discovery Order
131, 3, AI, 0, 0, 0, Rebuilding Discovery Order
131, 4, AI, 0, 0, 0, Rebuilding Discovery Order
131, 5, AI, 0, 0, 0, Rebuilding Discovery Order
131, 6, AI, 0, 0, 0, Rebuilding Discovery Order
131, 7, AI, 0, 0, 0, Rebuilding Discovery Order
131, 8, AI, 0, 0, 0, Rebuilding Discovery Order
131, 9, AI, 0, 0, 0, Rebuilding Discovery Order
132, 0, Human, 0, 0, 0, Rebuilding Discovery Order
132, 1, AI, 0, 0, 0, Rebuilding Discovery Order
132, 2, AI, 0, 0, 0, Rebuilding Discovery Order
132, 3, AI, 0, 0, 0, Rebuilding Discovery Order
132, 4, AI, 0, 0, 0, Rebuilding Discovery Order
132, 5, AI, 0, 0, 0, Rebuilding Discovery Order
132, 6, AI, 0, 0, 0, Rebuilding Discovery Order
132, 7, AI, 0, 0, 0, Rebuilding Discovery Order
132, 8, AI, 0, 0, 0, Rebuilding Discovery Order
132, 9, AI, 0, 0, 0, Rebuilding Discovery Order
133, 0, Human, 0, 0, 0, Rebuilding Discovery Order
133, 1, AI, 0, 0, 0, Rebuilding Discovery Order
133, 2, AI, 0, 0, 0, Rebuilding Discovery Order
133, 3, AI, 0, 0, 0, Rebuilding Discovery Order
133, 4, AI, 0, 0, 0, Rebuilding Discovery Order
133, 5, AI, 0, 0, 0, Rebuilding Discovery Order
133, 6, AI, 0, 0, 0, Rebuilding Discovery Order
133, 7, AI, 0, 0, 0, Rebuilding Discovery Order
133, 8, AI, 0, 0, 0, Rebuilding Discovery Order
133, 9, AI, 0, 0, 0, Rebuilding Discovery Order
134, 0, Human, 0, 0, 0, Rebuilding Discovery Order
134, 1, AI, 0, 0, 0, Rebuilding Discovery Order
134, 2, AI, 0, 0, 0, Rebuilding Discovery Order
134, 3, AI, 0, 0, 0, Rebuilding Discovery Order
134, 4, AI, 0, 0, 0, Rebuilding Discovery Order
134, 5, AI, 0, 0, 0, Rebuilding Discovery Order
134, 6, AI, 0, 0, 0, Rebuilding Discovery Order
134, 7, AI, 0, 0, 0, Rebuilding Discovery Order
134, 8, AI, 0, 0, 0, Rebuilding Discovery Order
134, 9, AI, 0, 0, 0, Rebuilding Discovery Order
135, 0, Human, 0, 0, 0, Rebuilding Discovery Order
135, 1, AI, 0, 0, 0, Rebuilding Discovery Order
135, 2, AI, 0, 0, 0, Rebuilding Discovery Order
135, 3, AI, 0, 0, 0, Rebuilding Discovery Order
135, 4, AI, 0, 0, 0, Rebuilding Discovery Order
135, 5, AI, 0, 0, 0, Rebuilding Discovery Order
135, 6, AI, 0, 0, 0, Rebuilding Discovery Order
135, 7, AI, 0, 0, 0, Rebuilding Discovery Order
135, 8, AI, 0, 0, 0, Rebuilding Discovery Order
135, 9, AI, 0, 0, 0, Rebuilding Discovery Order
136, 0, Human, 0, 0, 0, Rebuilding Discovery Order
136, 1, AI, 0, 0, 0, Rebuilding Discovery Order
136, 2, AI, 0, 0, 0, Rebuilding Discovery Order
136, 3, AI, 0, 0, 0, Rebuilding Discovery Order
136, 4, AI, 0, 0, 0, Rebuilding Discovery Order
136, 5, AI, 0, 0, 0, Rebuilding Discovery Order
136, 6, AI, 0, 0, 0, Rebuilding Discovery Order
136, 7, AI, 0, 0, 0, Rebuilding Discovery Order
136, 8, AI, 0, 0, 0, Rebuilding Discovery Order
136, 9, AI, 0, 0, 0, Rebuilding Discovery Order
137, 0, Human, 0, 0, 0, Rebuilding Discovery Order
137, 1, AI, 0, 0, 0, Rebuilding Discovery Order
137, 2, AI, 0, 0, 0, Rebuilding Discovery Order
137, 3, AI, 0, 0, 0, Rebuilding Discovery Order
137, 4, AI, 0, 0, 0, Rebuilding Discovery Order
137, 5, AI, 0, 0, 0, Rebuilding Discovery Order
137, 6, AI, 0, 0, 0, Rebuilding Discovery Order
137, 7, AI, 0, 0, 0, Rebuilding Discovery Order
137, 8, AI, 0, 0, 0, Rebuilding Discovery Order
137, 9, AI, 0, 0, 0, Rebuilding Discovery Order
138, 0, Human, 0, 0, 0, Rebuilding Discovery Order
138, 1, AI, 0, 0, 0, Rebuilding Discovery Order
138, 2, AI, 0, 0, 0, Rebuilding Discovery Order
138, 3, AI, 0, 0, 0, Rebuilding Discovery Order
138, 4, AI, 0, 0, 0, Rebuilding Discovery Order
138, 5, AI, 0, 0, 0, Rebuilding Discovery Order
138, 6, AI, 0, 0, 0, Rebuilding Discovery Order
138, 7, AI, 0, 0, 0, Rebuilding Discovery Order
138, 8, AI, 0, 0, 0, Rebuilding Discovery Order
138, 9, AI, 0, 0, 0, Rebuilding Discovery Order
139, 0, Human, 0, 0, 0, Rebuilding Discovery Order
139, 1, AI, 0, 0, 0, Rebuilding Discovery Order
139, 2, AI, 0, 0, 0, Rebuilding Discovery Order
139, 3, AI, 0, 0, 0, Rebuilding Discovery Order
139, 4, AI, 0, 0, 0, Rebuilding Discovery Order
139, 5, AI, 0, 0, 0, Rebuilding Discovery Order
139, 6, AI, 0, 0, 0, Rebuilding Discovery Order
139, 7, AI, 0, 0, 0, Rebuilding Discovery Order
139, 8, AI, 0, 0, 0, Rebuilding Discovery Order
139, 9, AI, 0, 0, 0, Rebuilding Discovery Order
140, 0, Human, 0, 0, 0, Rebuilding Discovery Order
140, 1, AI, 0, 0, 0, Rebuilding Discovery Order
140, 2, AI, 0, 0, 0, Rebuilding Discovery Order
140, 3, AI, 0, 0, 0, Rebuilding Discovery Order
140, 4, AI, 0, 0, 0, Rebuilding Discovery Order
140, 5, AI, 0, 0, 0, Rebuilding Discovery Order
140, 6, AI, 0, 0, 0, Rebuilding Discovery Order
140, 7, AI, 0, 0, 0, Rebuilding Discovery Order
140, 8, AI, 0, 0, 0, Rebuilding Discovery Order
140, 9, AI, 0, 0, 0, Rebuilding Discovery Order
141, 0, Human, 0, 0, 0, Rebuilding Discovery Order
141, 1, AI, 0, 0, 0, Rebuilding Discovery Order
141, 2, AI, 0, 0, 0, Rebuilding Discovery Order
141, 3, AI, 0, 0, 0, Rebuilding Discovery Order
141, 4, AI, 0, 0, 0, Rebuilding Discovery Order
141, 5, AI, 0, 0, 0, Rebuilding Discovery Order
141, 6, AI, 0, 0, 0, Rebuilding Discovery Order
141, 7, AI, 0, 0, 0, Rebuilding Discovery Order
141, 8, AI, 0, 0, 0, Rebuilding Discovery Order
141, 9, AI, 0, 0, 0, Rebuilding Discovery Order
142, 0, Human, 0, 0, 0, Rebuilding Discovery Order
142, 1, AI, 0, 0, 0, Rebuilding Discovery Order
142, 2, AI, 0, 0, 0, Rebuilding Discovery Order
142, 3, AI, 0, 0, 0, Rebuilding Discovery Order
142, 4, AI, 0, 0, 0, Rebuilding Discovery Order
142, 5, AI, 0, 0, 0, Rebuilding Discovery Order
142, 6, AI, 0, 0, 0, Rebuilding Discovery Order
142, 7, AI, 0, 0, 0, Rebuilding Discovery Order
142, 8, AI, 0, 0, 0, Rebuilding Discovery Order
142, 9, AI, 0, 0, 0, Rebuilding Discovery Order
143, 0, Human, 0, 0, 0, Rebuilding Discovery Order
143, 1, AI, 0, 0, 0, Rebuilding Discovery Order
143, 2, AI, 0, 0, 0, Rebuilding Discovery Order
143, 3, AI, 0, 0, 0, Rebuilding Discovery Order
143, 4, AI, 0, 0, 0, Rebuilding Discovery Order
143, 5, AI, 0, 0, 0, Rebuilding Discovery Order
143, 6, AI, 0, 0, 0, Rebuilding Discovery Order
143, 7, AI, 0, 0, 0, Rebuilding Discovery Order
143, 8, AI, 0, 0, 0, Rebuilding Discovery Order
143, 9, AI, 0, 0, 0, Rebuilding Discovery Order
144, 0, Human, 0, 0, 0, Rebuilding Discovery Order
144, 1, AI, 0, 0, 0, Rebuilding Discovery Order
144, 2, AI, 0, 0, 0, Rebuilding Discovery Order
144, 3, AI, 0, 0, 0, Rebuilding Discovery Order
144, 4, AI, 0, 0, 0, Rebuilding Discovery Order
144, 5, AI, 0, 0, 0, Rebuilding Discovery Order
144, 6, AI, 0, 0, 0, Rebuilding Discovery Order
144, 7, AI, 0, 0, 0, Rebuilding Discovery Order
144, 8, AI, 0, 0, 0, Rebuilding Discovery Order
144, 9, AI, 0, 0, 0, Rebuilding Discovery Order
145, 0, Human, 0, 0, 0, Rebuilding Discovery Order
145, 1, AI, 0, 0, 0, Rebuilding Discovery Order
145, 2, AI, 0, 0, 0, Rebuilding Discovery Order
145, 3, AI, 0, 0, 0, Rebuilding Discovery Order
145, 4, AI, 0, 0, 0, Rebuilding Discovery Order
145, 5, AI, 0, 0, 0, Rebuilding Discovery Order
145, 6, AI, 0, 0, 0, Rebuilding Discovery Order
145, 7, AI, 0, 0, 0, Rebuilding Discovery Order
145, 8, AI, 0, 0, 0, Rebuilding Discovery Order
145, 9, AI, 0, 0, 0, Rebuilding Discovery Order
146, 0, Human, 0, 0, 0, Rebuilding Discovery Order
146, 1, AI, 0, 0, 0, Rebuilding Discovery Order
146, 2, AI, 0, 0, 0, Rebuilding Discovery Order
146, 3, AI, 0, 0, 0, Rebuilding Discovery Order
146, 4, AI, 0, 0, 0, Rebuilding Discovery Order
146, 5, AI, 0, 0, 0, Rebuilding Discovery Order
146, 6, AI, 0, 0, 0, Rebuilding Discovery Order
146, 7, AI, 0, 0, 0, Rebuilding Discovery Order
146, 8, AI, 0, 0, 0, Rebuilding Discovery Order
146, 9, AI, 0, 0, 0, Rebuilding Discovery Order
147, 0, Human, 0, 0, 0, Rebuilding Discovery Order
147, 1, AI, 0, 0, 0, Rebuilding Discovery Order
147, 2, AI, 0, 0, 0, Rebuilding Discovery Order
147, 3, AI, 0, 0, 0, Rebuilding Discovery Order
147, 4, AI, 0, 0, 0, Rebuilding Discovery Order
147, 5, AI, 0, 0, 0, Rebuilding Discovery Order
147, 6, AI, 0, 0, 0, Rebuilding Discovery Order
147, 7, AI, 0, 0, 0, Rebuilding Discovery Order
147, 8, AI, 0, 0, 0, Rebuilding Discovery Order
147, 9, AI, 0, 0, 0, Rebuilding Discovery Order
148, 0, Human, 0, 0, 0, Rebuilding Discovery Order
148, 1, AI, 0, 0, 0, Rebuilding Discovery Order
148, 2, AI, 0, 0, 0, Rebuilding Discovery Order
148, 3, AI, 0, 0, 0, Rebuilding Discovery Order
148, 4, AI, 0, 0, 0, Rebuilding Discovery Order
148, 5, AI, 0, 0, 0, Rebuilding Discovery Order
148, 6, AI, 0, 0, 0, Rebuilding Discovery Order
148, 7, AI, 0, 0, 0, Rebuilding Discovery Order
148, 8, AI, 0, 0, 0, Rebuilding Discovery Order
148, 9, AI, 0, 0, 0, Rebuilding Discovery Order
149, 0, Human, 0, 0, 0, Rebuilding Discovery Order
149, 1, AI, 0, 0, 0, Rebuilding Discovery Order
149, 2, AI, 0, 0, 0, Rebuilding Discovery Order
149, 3, AI, 0, 0, 0, Rebuilding Discovery Order
149, 4, AI, 0, 0, 0, Rebuilding Discovery Order
149, 5, AI, 0, 0, 0, Rebuilding Discovery Order
149, 6, AI, 0, 0, 0, Rebuilding Discovery Order
149, 7, AI, 0, 0, 0, Rebuilding Discovery Order
149, 8, AI, 0, 0, 0, Rebuilding Discovery Order
149, 9, AI, 0, 0, 0, Rebuilding Discovery Order
150, 0, Human, 0, 0, 0, Rebuilding Discovery Order
150, 1, AI, 0, 0, 0, Rebuilding Discovery Order
150, 2, AI, 0, 0, 0, Rebuilding Discovery Order
150, 3, AI, 0, 0, 0, Rebuilding Discovery Order
150, 4, AI, 0, 0, 0, Rebuilding Discovery Order
150, 5, AI, 0, 0, 0, Rebuilding Discovery Order
150, 6, AI, 0, 0, 0, Rebuilding Discovery Order
150, 7, AI, 0, 0, 0, Rebuilding Discovery Order
150, 8, AI, 0, 0, 0, Rebuilding Discovery Order
150, 9, AI, 0, 0, 0, Rebuilding Discovery Order
151, 0, Human, 0, 0, 0, Rebuilding Discovery Order
151, 1, AI, 0, 0, 0, Rebuilding Discovery Order
151, 2, AI, 0, 0, 0, Rebuilding Discovery Order
151, 3, AI, 0, 0, 0, Rebuilding Discovery Order
151, 4, AI, 0, 0, 0, Rebuilding Discovery Order
151, 5, AI, 0, 0, 0, Rebuilding Discovery Order
151, 6, AI, 0, 0, 0, Rebuilding Discovery Order
151, 7, AI, 0, 0, 0, Rebuilding Discovery Order
151, 8, AI, 0, 0, 0, Rebuilding Discovery Order
151, 9, AI, 0, 0, 0, Rebuilding Discovery Order
