Game Turn, Player, Action, Belief, City
9, 4, Found Pantheon, BELIEF_RELIGIOUS_SETTLEMENTS, N/A
9, 4, Adopt Pantheon, N/A, LOC_CITY_NAME_ROME
9, 4, Adopt Pantheon, N/A, LOC_CITY_NAME_OSTIA
14, 5, Found Pantheon, BELIEF_DANCE_OF_THE_AURORA, N/A
14, 5, Adopt Pantheon, N/A, LOC_CITY_NAME_BABYLON_STK
14, 5, Adopt Pantheon, N/A, LOC_CITY_NAME_ESHNUNNA
14, 5, Adopt Pantheon, N/A, LOC_CITY_NAME_DUR_KURIGALZU
19, 2, Found Pantheon, BELIEF_SACRED_PATH, N/A
19, 2, Adopt Pantheon, N/A, LOC_CITY_NAME_MBANZA_KONGO
19, 2, Adopt Pantheon, N/A, LOC_CITY_NAME_MBAMBA
19, 2, Adopt Pantheon, N/A, LOC_CITY_NAME_KWANGO
27, 8, Found Pantheon, BELIEF_DESERT_FOLKLORE, N/A
27, 8, Adopt Pantheon, N/A, LOC_CITY_NAME_PATNA
27, 8, Adopt Pantheon, N/A, LOC_CITY_NAME_DELHI
27, 8, Adopt Pantheon, N/A, LOC_CITY_NAME_MADURAI
32, 7, Found Pantheon, BELIEF_GOD_OF_THE_FORGE, N/A
32, 7, Adopt Pantheon, N/A, LOC_CITY_NAME_CANBERRA
32, 7, Adopt Pantheon, N/A, LOC_CITY_NAME_PERTH
32, 7, Adopt Pantheon, N/A, LOC_CITY_NAME_ADELAIDE
34, 7, Found Religion, RELIGION_PROTESTANTISM, N/A
34, 7, Add belief to LOC_RELIGION_PROTESTANTISM, BELIEF_CHORAL_MUSIC, N/A
34, 0, Adopt Religion, N/A, LOC_CITY_NAME_LISBON_STK
34, 0, Adopt Religion, N/A, LOC_CITY_NAME_COIMBRA
34, 1, Adopt Religion, N/A, LOC_CITY_NAME_ADUATUCA
34, 1, Adopt Religion, N/A, LOC_CITY_NAME_RATUMACOS
34, 1, Adopt Religion, N/A, LOC_CITY_NAME_BIBRAX
34, 2, Adopt Religion, N/A, LOC_CITY_NAME_MBANZA_KONGO
34, 2, Adopt Religion, N/A, LOC_CITY_NAME_MBAMBA
34, 2, Adopt Religion, N/A, LOC_CITY_NAME_KWANGO
34, 2, Adopt Religion, N/A, LOC_CITY_NAME_MBANZA_MBATA
34, 3, Adopt Religion, N/A, LOC_CITY_NAME_TENOCHTITLAN
34, 3, Adopt Religion, N/A, LOC_CITY_NAME_TEAYO
34, 3, Adopt Religion, N/A, LOC_CITY_NAME_MALINALCO
34, 3, Adopt Religion, N/A, LOC_CITY_NAME_XOCHICALCO
34, 4, Adopt Religion, N/A, LOC_CITY_NAME_ROME
34, 4, Adopt Religion, N/A, LOC_CITY_NAME_OSTIA
34, 4, Adopt Religion, N/A, LOC_CITY_NAME_RAVENNA
34, 4, Adopt Religion, N/A, LOC_CITY_NAME_MEDIOLANUM
34, 5, Adopt Religion, N/A, LOC_CITY_NAME_BABYLON_STK
34, 5, Adopt Religion, N/A, LOC_CITY_NAME_ESHNUNNA
34, 5, Adopt Religion, N/A, LOC_CITY_NAME_DUR_KURIGALZU
34, 6, Adopt Religion, N/A, LOC_CITY_NAME_STIRLING
34, 6, Adopt Religion, N/A, LOC_CITY_NAME_ROXBURGH
34, 6, Adopt Religion, N/A, LOC_CITY_NAME_CULLEN
34, 7, Adopt Religion, N/A, LOC_CITY_NAME_CANBERRA
34, 7, Adopt Religion, N/A, LOC_CITY_NAME_PERTH
34, 7, Adopt Religion, N/A, LOC_CITY_NAME_ADELAIDE
34, 8, Adopt Religion, N/A, LOC_CITY_NAME_PATNA
34, 8, Adopt Religion, N/A, LOC_CITY_NAME_DELHI
34, 8, Adopt Religion, N/A, LOC_CITY_NAME_MADURAI
34, 9, Adopt Religion, N/A, LOC_CITY_NAME_PELLA
34, 9, Adopt Religion, N/A, LOC_CITY_NAME_DION
34, 9, Adopt Religion, N/A, LOC_CITY_NAME_ALEXANDRIA_TROAS
34, 10, Adopt Religion, N/A, LOC_CITY_NAME_SAMARKAND
34, 11, Adopt Religion, N/A, LOC_CITY_NAME_AUCKLAND
34, 12, Adopt Religion, N/A, LOC_CITY_NAME_MUSCAT
34, 13, Adopt Religion, N/A, LOC_CITY_NAME_GENEVA
34, 14, Adopt Religion, N/A, LOC_CITY_NAME_JOHANNESBURG
34, 15, Adopt Religion, N/A, LOC_CITY_NAME_LISBON
34, 16, Adopt Religion, N/A, LOC_CITY_NAME_SINGAPORE
34, 17, Adopt Religion, N/A, LOC_CITY_NAME_BOLOGNA
34, 18, Adopt Religion, N/A, LOC_CITY_NAME_KUMASI
34, 19, Adopt Religion, N/A, LOC_CITY_NAME_BRUSSELS
34, 20, Adopt Religion, N/A, LOC_CITY_NAME_BANDAR_BRUNEI
34, 21, Adopt Religion, N/A, LOC_CITY_NAME_MOHENJO_DARO
34, 22, Adopt Religion, N/A, LOC_CITY_NAME_ANTIOCH
34, 23, Adopt Religion, N/A, LOC_CITY_NAME_HATTUSA
34, 24, Adopt Religion, N/A, LOC_CITY_NAME_HUNZA
34, 7, Add belief to LOC_RELIGION_PROTESTANTISM, BELIEF_MEETING_HOUSE, N/A
34, 0, Adopt Religion, N/A, LOC_CITY_NAME_LISBON_STK
34, 0, Adopt Religion, N/A, LOC_CITY_NAME_COIMBRA
34, 1, Adopt Religion, N/A, LOC_CITY_NAME_ADUATUCA
34, 1, Adopt Religion, N/A, LOC_CITY_NAME_RATUMACOS
34, 1, Adopt Religion, N/A, LOC_CITY_NAME_BIBRAX
34, 2, Adopt Religion, N/A, LOC_CITY_NAME_MBANZA_KONGO
34, 2, Adopt Religion, N/A, LOC_CITY_NAME_MBAMBA
34, 2, Adopt Religion, N/A, LOC_CITY_NAME_KWANGO
34, 2, Adopt Religion, N/A, LOC_CITY_NAME_MBANZA_MBATA
34, 3, Adopt Religion, N/A, LOC_CITY_NAME_TENOCHTITLAN
34, 3, Adopt Religion, N/A, LOC_CITY_NAME_TEAYO
34, 3, Adopt Religion, N/A, LOC_CITY_NAME_MALINALCO
34, 3, Adopt Religion, N/A, LOC_CITY_NAME_XOCHICALCO
34, 4, Adopt Religion, N/A, LOC_CITY_NAME_ROME
34, 4, Adopt Religion, N/A, LOC_CITY_NAME_OSTIA
34, 4, Adopt Religion, N/A, LOC_CITY_NAME_RAVENNA
34, 4, Adopt Religion, N/A, LOC_CITY_NAME_MEDIOLANUM
34, 5, Adopt Religion, N/A, LOC_CITY_NAME_BABYLON_STK
34, 5, Adopt Religion, N/A, LOC_CITY_NAME_ESHNUNNA
34, 5, Adopt Religion, N/A, LOC_CITY_NAME_DUR_KURIGALZU
34, 6, Adopt Religion, N/A, LOC_CITY_NAME_STIRLING
34, 6, Adopt Religion, N/A, LOC_CITY_NAME_ROXBURGH
34, 6, Adopt Religion, N/A, LOC_CITY_NAME_CULLEN
34, 7, Adopt Religion, N/A, LOC_CITY_NAME_CANBERRA
34, 7, Adopt Religion, N/A, LOC_CITY_NAME_PERTH
34, 7, Adopt Religion, N/A, LOC_CITY_NAME_ADELAIDE
34, 8, Adopt Religion, N/A, LOC_CITY_NAME_PATNA
34, 8, Adopt Religion, N/A, LOC_CITY_NAME_DELHI
34, 8, Adopt Religion, N/A, LOC_CITY_NAME_MADURAI
34, 9, Adopt Religion, N/A, LOC_CITY_NAME_PELLA
34, 9, Adopt Religion, N/A, LOC_CITY_NAME_DION
34, 9, Adopt Religion, N/A, LOC_CITY_NAME_ALEXANDRIA_TROAS
34, 10, Adopt Religion, N/A, LOC_CITY_NAME_SAMARKAND
34, 11, Adopt Religion, N/A, LOC_CITY_NAME_AUCKLAND
34, 12, Adopt Religion, N/A, LOC_CITY_NAME_MUSCAT
34, 13, Adopt Religion, N/A, LOC_CITY_NAME_GENEVA
34, 14, Adopt Religion, N/A, LOC_CITY_NAME_JOHANNESBURG
34, 15, Adopt Religion, N/A, LOC_CITY_NAME_LISBON
34, 16, Adopt Religion, N/A, LOC_CITY_NAME_SINGAPORE
34, 17, Adopt Religion, N/A, LOC_CITY_NAME_BOLOGNA
34, 18, Adopt Religion, N/A, LOC_CITY_NAME_KUMASI
34, 19, Adopt Religion, N/A, LOC_CITY_NAME_BRUSSELS
34, 20, Adopt Religion, N/A, LOC_CITY_NAME_BANDAR_BRUNEI
34, 21, Adopt Religion, N/A, LOC_CITY_NAME_MOHENJO_DARO
34, 22, Adopt Religion, N/A, LOC_CITY_NAME_ANTIOCH
34, 23, Adopt Religion, N/A, LOC_CITY_NAME_HATTUSA
34, 24, Adopt Religion, N/A, LOC_CITY_NAME_HUNZA
35, 1, Found Pantheon, BELIEF_EARTH_GODDESS, N/A
35, 1, Adopt Pantheon, N/A, LOC_CITY_NAME_ADUATUCA
35, 1, Adopt Pantheon, N/A, LOC_CITY_NAME_RATUMACOS
35, 1, Adopt Pantheon, N/A, LOC_CITY_NAME_BIBRAX
36, 3, Found Pantheon, BELIEF_FERTILITY_RITES, N/A
36, 3, Adopt Pantheon, N/A, LOC_CITY_NAME_TENOCHTITLAN
36, 3, Adopt Pantheon, N/A, LOC_CITY_NAME_TEAYO
36, 3, Adopt Pantheon, N/A, LOC_CITY_NAME_MALINALCO
36, 3, Adopt Pantheon, N/A, LOC_CITY_NAME_XOCHICALCO
41, 0, Found Pantheon, BELIEF_GOD_OF_THE_SEA, N/A
41, 0, Adopt Pantheon, N/A, LOC_CITY_NAME_LISBON_STK
41, 0, Adopt Pantheon, N/A, LOC_CITY_NAME_COIMBRA
55, 1, Found Religion, RELIGION_JUDAISM, N/A
55, 1, Add belief to LOC_RELIGION_JUDAISM, BELIEF_FEED_THE_WORLD, N/A
55, 0, Adopt Religion, N/A, LOC_CITY_NAME_LISBON_STK
55, 0, Adopt Religion, N/A, LOC_CITY_NAME_COIMBRA
55, 1, Adopt Religion, N/A, LOC_CITY_NAME_ADUATUCA
55, 1, Adopt Religion, N/A, LOC_CITY_NAME_RATUMACOS
55, 1, Adopt Religion, N/A, LOC_CITY_NAME_BIBRAX
55, 1, Adopt Religion, N/A, LOC_CITY_NAME_AVARICUM
55, 2, Adopt Religion, N/A, LOC_CITY_NAME_MBANZA_KONGO
55, 2, Adopt Religion, N/A, LOC_CITY_NAME_MBAMBA
55, 2, Adopt Religion, N/A, LOC_CITY_NAME_KWANGO
55, 2, Adopt Religion, N/A, LOC_CITY_NAME_MBANZA_MBATA
55, 2, Adopt Religion, N/A, LOC_CITY_NAME_KINCHASSA
55, 3, Adopt Religion, N/A, LOC_CITY_NAME_TENOCHTITLAN
55, 3, Adopt Religion, N/A, LOC_CITY_NAME_TEAYO
55, 3, Adopt Religion, N/A, LOC_CITY_NAME_MALINALCO
55, 3, Adopt Religion, N/A, LOC_CITY_NAME_XOCHICALCO
55, 4, Adopt Religion, N/A, LOC_CITY_NAME_ROME
55, 4, Adopt Religion, N/A, LOC_CITY_NAME_OSTIA
55, 4, Adopt Religion, N/A, LOC_CITY_NAME_RAVENNA
55, 4, Adopt Religion, N/A, LOC_CITY_NAME_MEDIOLANUM
55, 4, Adopt Religion, N/A, LOC_CITY_NAME_CUMAE
55, 5, Adopt Religion, N/A, LOC_CITY_NAME_BABYLON_STK
55, 5, Adopt Religion, N/A, LOC_CITY_NAME_ESHNUNNA
55, 5, Adopt Religion, N/A, LOC_CITY_NAME_DUR_KURIGALZU
55, 5, Adopt Religion, N/A, LOC_CITY_NAME_DURMUTI
55, 6, Adopt Religion, N/A, LOC_CITY_NAME_STIRLING
55, 6, Adopt Religion, N/A, LOC_CITY_NAME_ROXBURGH
55, 6, Adopt Religion, N/A, LOC_CITY_NAME_CULLEN
55, 6, Adopt Religion, N/A, LOC_CITY_NAME_DUNDEE
55, 7, Adopt Religion, N/A, LOC_CITY_NAME_CANBERRA
55, 7, Adopt Religion, N/A, LOC_CITY_NAME_PERTH
55, 7, Adopt Religion, N/A, LOC_CITY_NAME_ADELAIDE
55, 7, Adopt Religion, N/A, LOC_CITY_NAME_MELBOURNE
55, 8, Adopt Religion, N/A, LOC_CITY_NAME_PATNA
55, 8, Adopt Religion, N/A, LOC_CITY_NAME_DELHI
55, 8, Adopt Religion, N/A, LOC_CITY_NAME_MADURAI
55, 8, Adopt Religion, N/A, LOC_CITY_NAME_MUMBAI
55, 9, Adopt Religion, N/A, LOC_CITY_NAME_PELLA
55, 9, Adopt Religion, N/A, LOC_CITY_NAME_DION
55, 9, Adopt Religion, N/A, LOC_CITY_NAME_ALEXANDRIA_TROAS
55, 9, Adopt Religion, N/A, LOC_CITY_NAME_PYDNA
55, 10, Adopt Religion, N/A, LOC_CITY_NAME_SAMARKAND
55, 11, Adopt Religion, N/A, LOC_CITY_NAME_AUCKLAND
55, 12, Adopt Religion, N/A, LOC_CITY_NAME_MUSCAT
55, 13, Adopt Religion, N/A, LOC_CITY_NAME_GENEVA
55, 14, Adopt Religion, N/A, LOC_CITY_NAME_JOHANNESBURG
55, 15, Adopt Religion, N/A, LOC_CITY_NAME_LISBON
55, 16, Adopt Religion, N/A, LOC_CITY_NAME_SINGAPORE
55, 17, Adopt Religion, N/A, LOC_CITY_NAME_BOLOGNA
55, 18, Adopt Religion, N/A, LOC_CITY_NAME_KUMASI
55, 19, Adopt Religion, N/A, LOC_CITY_NAME_BRUSSELS
55, 20, Adopt Religion, N/A, LOC_CITY_NAME_BANDAR_BRUNEI
55, 21, Adopt Religion, N/A, LOC_CITY_NAME_MOHENJO_DARO
55, 22, Adopt Religion, N/A, LOC_CITY_NAME_ANTIOCH
55, 23, Adopt Religion, N/A, LOC_CITY_NAME_HATTUSA
55, 24, Adopt Religion, N/A, LOC_CITY_NAME_HUNZA
55, 1, Add belief to LOC_RELIGION_JUDAISM, BELIEF_WAT, N/A
55, 0, Adopt Religion, N/A, LOC_CITY_NAME_LISBON_STK
55, 0, Adopt Religion, N/A, LOC_CITY_NAME_COIMBRA
55, 1, Adopt Religion, N/A, LOC_CITY_NAME_ADUATUCA
55, 1, Adopt Religion, N/A, LOC_CITY_NAME_RATUMACOS
55, 1, Adopt Religion, N/A, LOC_CITY_NAME_BIBRAX
55, 1, Adopt Religion, N/A, LOC_CITY_NAME_AVARICUM
55, 2, Adopt Religion, N/A, LOC_CITY_NAME_MBANZA_KONGO
55, 2, Adopt Religion, N/A, LOC_CITY_NAME_MBAMBA
55, 2, Adopt Religion, N/A, LOC_CITY_NAME_KWANGO
55, 2, Adopt Religion, N/A, LOC_CITY_NAME_MBANZA_MBATA
55, 2, Adopt Religion, N/A, LOC_CITY_NAME_KINCHASSA
55, 3, Adopt Religion, N/A, LOC_CITY_NAME_TENOCHTITLAN
55, 3, Adopt Religion, N/A, LOC_CITY_NAME_TEAYO
55, 3, Adopt Religion, N/A, LOC_CITY_NAME_MALINALCO
55, 3, Adopt Religion, N/A, LOC_CITY_NAME_XOCHICALCO
55, 4, Adopt Religion, N/A, LOC_CITY_NAME_ROME
55, 4, Adopt Religion, N/A, LOC_CITY_NAME_OSTIA
55, 4, Adopt Religion, N/A, LOC_CITY_NAME_RAVENNA
55, 4, Adopt Religion, N/A, LOC_CITY_NAME_MEDIOLANUM
55, 4, Adopt Religion, N/A, LOC_CITY_NAME_CUMAE
55, 5, Adopt Religion, N/A, LOC_CITY_NAME_BABYLON_STK
55, 5, Adopt Religion, N/A, LOC_CITY_NAME_ESHNUNNA
55, 5, Adopt Religion, N/A, LOC_CITY_NAME_DUR_KURIGALZU
55, 5, Adopt Religion, N/A, LOC_CITY_NAME_DURMUTI
55, 6, Adopt Religion, N/A, LOC_CITY_NAME_STIRLING
55, 6, Adopt Religion, N/A, LOC_CITY_NAME_ROXBURGH
55, 6, Adopt Religion, N/A, LOC_CITY_NAME_CULLEN
55, 6, Adopt Religion, N/A, LOC_CITY_NAME_DUNDEE
55, 7, Adopt Religion, N/A, LOC_CITY_NAME_CANBERRA
55, 7, Adopt Religion, N/A, LOC_CITY_NAME_PERTH
55, 7, Adopt Religion, N/A, LOC_CITY_NAME_ADELAIDE
55, 7, Adopt Religion, N/A, LOC_CITY_NAME_MELBOURNE
55, 8, Adopt Religion, N/A, LOC_CITY_NAME_PATNA
55, 8, Adopt Religion, N/A, LOC_CITY_NAME_DELHI
55, 8, Adopt Religion, N/A, LOC_CITY_NAME_MADURAI
55, 8, Adopt Religion, N/A, LOC_CITY_NAME_MUMBAI
55, 9, Adopt Religion, N/A, LOC_CITY_NAME_PELLA
55, 9, Adopt Religion, N/A, LOC_CITY_NAME_DION
55, 9, Adopt Religion, N/A, LOC_CITY_NAME_ALEXANDRIA_TROAS
55, 9, Adopt Religion, N/A, LOC_CITY_NAME_PYDNA
55, 10, Adopt Religion, N/A, LOC_CITY_NAME_SAMARKAND
55, 11, Adopt Religion, N/A, LOC_CITY_NAME_AUCKLAND
55, 12, Adopt Religion, N/A, LOC_CITY_NAME_MUSCAT
55, 13, Adopt Religion, N/A, LOC_CITY_NAME_GENEVA
55, 14, Adopt Religion, N/A, LOC_CITY_NAME_JOHANNESBURG
55, 15, Adopt Religion, N/A, LOC_CITY_NAME_LISBON
55, 16, Adopt Religion, N/A, LOC_CITY_NAME_SINGAPORE
55, 17, Adopt Religion, N/A, LOC_CITY_NAME_BOLOGNA
55, 18, Adopt Religion, N/A, LOC_CITY_NAME_KUMASI
55, 19, Adopt Religion, N/A, LOC_CITY_NAME_BRUSSELS
55, 20, Adopt Religion, N/A, LOC_CITY_NAME_BANDAR_BRUNEI
55, 21, Adopt Religion, N/A, LOC_CITY_NAME_MOHENJO_DARO
55, 22, Adopt Religion, N/A, LOC_CITY_NAME_ANTIOCH
55, 23, Adopt Religion, N/A, LOC_CITY_NAME_HATTUSA
55, 24, Adopt Religion, N/A, LOC_CITY_NAME_HUNZA
60, 3, Found Religion, RELIGION_SIKHISM, N/A
60, 3, Add belief to LOC_RELIGION_SIKHISM, BELIEF_WARRIOR_MONKS, N/A
60, 0, Adopt Religion, N/A, LOC_CITY_NAME_LISBON_STK
60, 0, Adopt Religion, N/A, LOC_CITY_NAME_COIMBRA
60, 1, Adopt Religion, N/A, LOC_CITY_NAME_ADUATUCA
60, 1, Adopt Religion, N/A, LOC_CITY_NAME_RATUMACOS
60, 1, Adopt Religion, N/A, LOC_CITY_NAME_BIBRAX
60, 1, Adopt Religion, N/A, LOC_CITY_NAME_AVARICUM
60, 2, Adopt Religion, N/A, LOC_CITY_NAME_MBANZA_KONGO
60, 2, Adopt Religion, N/A, LOC_CITY_NAME_MBAMBA
60, 2, Adopt Religion, N/A, LOC_CITY_NAME_KWANGO
60, 2, Adopt Religion, N/A, LOC_CITY_NAME_MBANZA_MBATA
60, 2, Adopt Religion, N/A, LOC_CITY_NAME_KINCHASSA
60, 3, Adopt Religion, N/A, LOC_CITY_NAME_TENOCHTITLAN
60, 3, Adopt Religion, N/A, LOC_CITY_NAME_TEAYO
60, 3, Adopt Religion, N/A, LOC_CITY_NAME_MALINALCO
60, 3, Adopt Religion, N/A, LOC_CITY_NAME_XOCHICALCO
60, 4, Adopt Religion, N/A, LOC_CITY_NAME_ROME
60, 4, Adopt Religion, N/A, LOC_CITY_NAME_OSTIA
60, 4, Adopt Religion, N/A, LOC_CITY_NAME_RAVENNA
60, 4, Adopt Religion, N/A, LOC_CITY_NAME_MEDIOLANUM
60, 4, Adopt Religion, N/A, LOC_CITY_NAME_CUMAE
60, 5, Adopt Religion, N/A, LOC_CITY_NAME_BABYLON_STK
60, 5, Adopt Religion, N/A, LOC_CITY_NAME_ESHNUNNA
60, 5, Adopt Religion, N/A, LOC_CITY_NAME_DUR_KURIGALZU
60, 5, Adopt Religion, N/A, LOC_CITY_NAME_DURMUTI
60, 5, Adopt Religion, N/A, LOC_CITY_NAME_TUTTUL
60, 6, Adopt Religion, N/A, LOC_CITY_NAME_STIRLING
60, 6, Adopt Religion, N/A, LOC_CITY_NAME_ROXBURGH
60, 6, Adopt Religion, N/A, LOC_CITY_NAME_CULLEN
60, 6, Adopt Religion, N/A, LOC_CITY_NAME_DUNDEE
60, 7, Adopt Religion, N/A, LOC_CITY_NAME_CANBERRA
60, 7, Adopt Religion, N/A, LOC_CITY_NAME_PERTH
60, 7, Adopt Religion, N/A, LOC_CITY_NAME_ADELAIDE
60, 7, Adopt Religion, N/A, LOC_CITY_NAME_MELBOURNE
60, 8, Adopt Religion, N/A, LOC_CITY_NAME_PATNA
60, 8, Adopt Religion, N/A, LOC_CITY_NAME_DELHI
60, 8, Adopt Religion, N/A, LOC_CITY_NAME_MADURAI
60, 8, Adopt Religion, N/A, LOC_CITY_NAME_MUMBAI
60, 9, Adopt Religion, N/A, LOC_CITY_NAME_PELLA
60, 9, Adopt Religion, N/A, LOC_CITY_NAME_DION
60, 9, Adopt Religion, N/A, LOC_CITY_NAME_ALEXANDRIA_TROAS
60, 9, Adopt Religion, N/A, LOC_CITY_NAME_PYDNA
60, 10, Adopt Religion, N/A, LOC_CITY_NAME_SAMARKAND
60, 11, Adopt Religion, N/A, LOC_CITY_NAME_AUCKLAND
60, 12, Adopt Religion, N/A, LOC_CITY_NAME_MUSCAT
60, 13, Adopt Religion, N/A, LOC_CITY_NAME_GENEVA
60, 14, Adopt Religion, N/A, LOC_CITY_NAME_JOHANNESBURG
60, 15, Adopt Religion, N/A, LOC_CITY_NAME_LISBON
60, 16, Adopt Religion, N/A, LOC_CITY_NAME_SINGAPORE
60, 17, Adopt Religion, N/A, LOC_CITY_NAME_BOLOGNA
60, 18, Adopt Religion, N/A, LOC_CITY_NAME_KUMASI
60, 19, Adopt Religion, N/A, LOC_CITY_NAME_BRUSSELS
60, 20, Adopt Religion, N/A, LOC_CITY_NAME_BANDAR_BRUNEI
60, 21, Adopt Religion, N/A, LOC_CITY_NAME_MOHENJO_DARO
60, 22, Adopt Religion, N/A, LOC_CITY_NAME_ANTIOCH
60, 23, Adopt Religion, N/A, LOC_CITY_NAME_HATTUSA
60, 24, Adopt Religion, N/A, LOC_CITY_NAME_HUNZA
60, 3, Add belief to LOC_RELIGION_SIKHISM, BELIEF_CATHEDRAL, N/A
60, 0, Adopt Religion, N/A, LOC_CITY_NAME_LISBON_STK
60, 0, Adopt Religion, N/A, LOC_CITY_NAME_COIMBRA
60, 1, Adopt Religion, N/A, LOC_CITY_NAME_ADUATUCA
60, 1, Adopt Religion, N/A, LOC_CITY_NAME_RATUMACOS
60, 1, Adopt Religion, N/A, LOC_CITY_NAME_BIBRAX
60, 1, Adopt Religion, N/A, LOC_CITY_NAME_AVARICUM
60, 2, Adopt Religion, N/A, LOC_CITY_NAME_MBANZA_KONGO
60, 2, Adopt Religion, N/A, LOC_CITY_NAME_MBAMBA
60, 2, Adopt Religion, N/A, LOC_CITY_NAME_KWANGO
60, 2, Adopt Religion, N/A, LOC_CITY_NAME_MBANZA_MBATA
60, 2, Adopt Religion, N/A, LOC_CITY_NAME_KINCHASSA
60, 3, Adopt Religion, N/A, LOC_CITY_NAME_TENOCHTITLAN
60, 3, Adopt Religion, N/A, LOC_CITY_NAME_TEAYO
60, 3, Adopt Religion, N/A, LOC_CITY_NAME_MALINALCO
60, 3, Adopt Religion, N/A, LOC_CITY_NAME_XOCHICALCO
60, 4, Adopt Religion, N/A, LOC_CITY_NAME_ROME
60, 4, Adopt Religion, N/A, LOC_CITY_NAME_OSTIA
60, 4, Adopt Religion, N/A, LOC_CITY_NAME_RAVENNA
60, 4, Adopt Religion, N/A, LOC_CITY_NAME_MEDIOLANUM
60, 4, Adopt Religion, N/A, LOC_CITY_NAME_CUMAE
60, 5, Adopt Religion, N/A, LOC_CITY_NAME_BABYLON_STK
60, 5, Adopt Religion, N/A, LOC_CITY_NAME_ESHNUNNA
60, 5, Adopt Religion, N/A, LOC_CITY_NAME_DUR_KURIGALZU
60, 5, Adopt Religion, N/A, LOC_CITY_NAME_DURMUTI
60, 5, Adopt Religion, N/A, LOC_CITY_NAME_TUTTUL
60, 6, Adopt Religion, N/A, LOC_CITY_NAME_STIRLING
60, 6, Adopt Religion, N/A, LOC_CITY_NAME_ROXBURGH
60, 6, Adopt Religion, N/A, LOC_CITY_NAME_CULLEN
60, 6, Adopt Religion, N/A, LOC_CITY_NAME_DUNDEE
60, 7, Adopt Religion, N/A, LOC_CITY_NAME_CANBERRA
60, 7, Adopt Religion, N/A, LOC_CITY_NAME_PERTH
60, 7, Adopt Religion, N/A, LOC_CITY_NAME_ADELAIDE
60, 7, Adopt Religion, N/A, LOC_CITY_NAME_MELBOURNE
60, 8, Adopt Religion, N/A, LOC_CITY_NAME_PATNA
60, 8, Adopt Religion, N/A, LOC_CITY_NAME_DELHI
60, 8, Adopt Religion, N/A, LOC_CITY_NAME_MADURAI
60, 8, Adopt Religion, N/A, LOC_CITY_NAME_MUMBAI
60, 9, Adopt Religion, N/A, LOC_CITY_NAME_PELLA
60, 9, Adopt Religion, N/A, LOC_CITY_NAME_DION
60, 9, Adopt Religion, N/A, LOC_CITY_NAME_ALEXANDRIA_TROAS
60, 9, Adopt Religion, N/A, LOC_CITY_NAME_PYDNA
60, 10, Adopt Religion, N/A, LOC_CITY_NAME_SAMARKAND
60, 11, Adopt Religion, N/A, LOC_CITY_NAME_AUCKLAND
60, 12, Adopt Religion, N/A, LOC_CITY_NAME_MUSCAT
60, 13, Adopt Religion, N/A, LOC_CITY_NAME_GENEVA
60, 14, Adopt Religion, N/A, LOC_CITY_NAME_JOHANNESBURG
60, 15, Adopt Religion, N/A, LOC_CITY_NAME_LISBON
60, 16, Adopt Religion, N/A, LOC_CITY_NAME_SINGAPORE
60, 17, Adopt Religion, N/A, LOC_CITY_NAME_BOLOGNA
60, 18, Adopt Religion, N/A, LOC_CITY_NAME_KUMASI
60, 19, Adopt Religion, N/A, LOC_CITY_NAME_BRUSSELS
60, 20, Adopt Religion, N/A, LOC_CITY_NAME_BANDAR_BRUNEI
60, 21, Adopt Religion, N/A, LOC_CITY_NAME_MOHENJO_DARO
60, 22, Adopt Religion, N/A, LOC_CITY_NAME_ANTIOCH
60, 23, Adopt Religion, N/A, LOC_CITY_NAME_HATTUSA
60, 24, Adopt Religion, N/A, LOC_CITY_NAME_HUNZA
60, 6, Found Pantheon, BELIEF_INITIATION_RITES, N/A
60, 6, Adopt Pantheon, N/A, LOC_CITY_NAME_STIRLING
60, 6, Adopt Pantheon, N/A, LOC_CITY_NAME_ROXBURGH
60, 6, Adopt Pantheon, N/A, LOC_CITY_NAME_CULLEN
60, 6, Adopt Pantheon, N/A, LOC_CITY_NAME_DUNDEE
61, 0, Found Religion, RELIGION_CUSTOM_9, N/A
61, 0, Add belief to 자본주의, BELIEF_RELIGIOUS_COMMUNITY, N/A
61, 0, Adopt Religion, N/A, LOC_CITY_NAME_LISBON_STK
61, 0, Adopt Religion, N/A, LOC_CITY_NAME_COIMBRA
61, 1, Adopt Religion, N/A, LOC_CITY_NAME_ADUATUCA
61, 1, Adopt Religion, N/A, LOC_CITY_NAME_RATUMACOS
61, 1, Adopt Religion, N/A, LOC_CITY_NAME_BIBRAX
61, 1, Adopt Religion, N/A, LOC_CITY_NAME_AVARICUM
61, 2, Adopt Religion, N/A, LOC_CITY_NAME_MBANZA_KONGO
61, 2, Adopt Religion, N/A, LOC_CITY_NAME_MBAMBA
61, 2, Adopt Religion, N/A, LOC_CITY_NAME_KWANGO
61, 2, Adopt Religion, N/A, LOC_CITY_NAME_MBANZA_MBATA
61, 2, Adopt Religion, N/A, LOC_CITY_NAME_KINCHASSA
61, 3, Adopt Religion, N/A, LOC_CITY_NAME_TENOCHTITLAN
61, 3, Adopt Religion, N/A, LOC_CITY_NAME_TEAYO
61, 3, Adopt Religion, N/A, LOC_CITY_NAME_MALINALCO
61, 3, Adopt Religion, N/A, LOC_CITY_NAME_XOCHICALCO
61, 4, Adopt Religion, N/A, LOC_CITY_NAME_ROME
61, 4, Adopt Religion, N/A, LOC_CITY_NAME_OSTIA
61, 4, Adopt Religion, N/A, LOC_CITY_NAME_RAVENNA
61, 4, Adopt Religion, N/A, LOC_CITY_NAME_MEDIOLANUM
61, 4, Adopt Religion, N/A, LOC_CITY_NAME_CUMAE
61, 5, Adopt Religion, N/A, LOC_CITY_NAME_BABYLON_STK
61, 5, Adopt Religion, N/A, LOC_CITY_NAME_ESHNUNNA
61, 5, Adopt Religion, N/A, LOC_CITY_NAME_DUR_KURIGALZU
61, 5, Adopt Religion, N/A, LOC_CITY_NAME_DURMUTI
61, 5, Adopt Religion, N/A, LOC_CITY_NAME_TUTTUL
61, 6, Adopt Religion, N/A, LOC_CITY_NAME_STIRLING
61, 6, Adopt Religion, N/A, LOC_CITY_NAME_ROXBURGH
61, 6, Adopt Religion, N/A, LOC_CITY_NAME_CULLEN
61, 6, Adopt Religion, N/A, LOC_CITY_NAME_DUNDEE
61, 7, Adopt Religion, N/A, LOC_CITY_NAME_CANBERRA
61, 7, Adopt Religion, N/A, LOC_CITY_NAME_PERTH
61, 7, Adopt Religion, N/A, LOC_CITY_NAME_ADELAIDE
61, 7, Adopt Religion, N/A, LOC_CITY_NAME_MELBOURNE
61, 8, Adopt Religion, N/A, LOC_CITY_NAME_PATNA
61, 8, Adopt Religion, N/A, LOC_CITY_NAME_DELHI
61, 8, Adopt Religion, N/A, LOC_CITY_NAME_MADURAI
61, 8, Adopt Religion, N/A, LOC_CITY_NAME_MUMBAI
61, 9, Adopt Religion, N/A, LOC_CITY_NAME_PELLA
61, 9, Adopt Religion, N/A, LOC_CITY_NAME_DION
61, 9, Adopt Religion, N/A, LOC_CITY_NAME_ALEXANDRIA_TROAS
61, 9, Adopt Religion, N/A, LOC_CITY_NAME_PYDNA
61, 10, Adopt Religion, N/A, LOC_CITY_NAME_SAMARKAND
61, 11, Adopt Religion, N/A, LOC_CITY_NAME_AUCKLAND
61, 12, Adopt Religion, N/A, LOC_CITY_NAME_MUSCAT
61, 13, Adopt Religion, N/A, LOC_CITY_NAME_GENEVA
61, 14, Adopt Religion, N/A, LOC_CITY_NAME_JOHANNESBURG
61, 15, Adopt Religion, N/A, LOC_CITY_NAME_LISBON
61, 16, Adopt Religion, N/A, LOC_CITY_NAME_SINGAPORE
61, 17, Adopt Religion, N/A, LOC_CITY_NAME_BOLOGNA
61, 18, Adopt Religion, N/A, LOC_CITY_NAME_KUMASI
61, 19, Adopt Religion, N/A, LOC_CITY_NAME_BRUSSELS
61, 20, Adopt Religion, N/A, LOC_CITY_NAME_BANDAR_BRUNEI
61, 21, Adopt Religion, N/A, LOC_CITY_NAME_MOHENJO_DARO
61, 22, Adopt Religion, N/A, LOC_CITY_NAME_ANTIOCH
61, 23, Adopt Religion, N/A, LOC_CITY_NAME_HATTUSA
61, 24, Adopt Religion, N/A, LOC_CITY_NAME_HUNZA
61, 0, Add belief to 자본주의, BELIEF_TITHE, N/A
61, 0, Adopt Religion, N/A, LOC_CITY_NAME_LISBON_STK
61, 0, Adopt Religion, N/A, LOC_CITY_NAME_COIMBRA
61, 1, Adopt Religion, N/A, LOC_CITY_NAME_ADUATUCA
61, 1, Adopt Religion, N/A, LOC_CITY_NAME_RATUMACOS
61, 1, Adopt Religion, N/A, LOC_CITY_NAME_BIBRAX
61, 1, Adopt Religion, N/A, LOC_CITY_NAME_AVARICUM
61, 2, Adopt Religion, N/A, LOC_CITY_NAME_MBANZA_KONGO
61, 2, Adopt Religion, N/A, LOC_CITY_NAME_MBAMBA
61, 2, Adopt Religion, N/A, LOC_CITY_NAME_KWANGO
61, 2, Adopt Religion, N/A, LOC_CITY_NAME_MBANZA_MBATA
61, 2, Adopt Religion, N/A, LOC_CITY_NAME_KINCHASSA
61, 3, Adopt Religion, N/A, LOC_CITY_NAME_TENOCHTITLAN
61, 3, Adopt Religion, N/A, LOC_CITY_NAME_TEAYO
61, 3, Adopt Religion, N/A, LOC_CITY_NAME_MALINALCO
61, 3, Adopt Religion, N/A, LOC_CITY_NAME_XOCHICALCO
61, 4, Adopt Religion, N/A, LOC_CITY_NAME_ROME
61, 4, Adopt Religion, N/A, LOC_CITY_NAME_OSTIA
61, 4, Adopt Religion, N/A, LOC_CITY_NAME_RAVENNA
61, 4, Adopt Religion, N/A, LOC_CITY_NAME_MEDIOLANUM
61, 4, Adopt Religion, N/A, LOC_CITY_NAME_CUMAE
61, 5, Adopt Religion, N/A, LOC_CITY_NAME_BABYLON_STK
61, 5, Adopt Religion, N/A, LOC_CITY_NAME_ESHNUNNA
61, 5, Adopt Religion, N/A, LOC_CITY_NAME_DUR_KURIGALZU
61, 5, Adopt Religion, N/A, LOC_CITY_NAME_DURMUTI
61, 5, Adopt Religion, N/A, LOC_CITY_NAME_TUTTUL
61, 6, Adopt Religion, N/A, LOC_CITY_NAME_STIRLING
61, 6, Adopt Religion, N/A, LOC_CITY_NAME_ROXBURGH
61, 6, Adopt Religion, N/A, LOC_CITY_NAME_CULLEN
61, 6, Adopt Religion, N/A, LOC_CITY_NAME_DUNDEE
61, 7, Adopt Religion, N/A, LOC_CITY_NAME_CANBERRA
61, 7, Adopt Religion, N/A, LOC_CITY_NAME_PERTH
61, 7, Adopt Religion, N/A, LOC_CITY_NAME_ADELAIDE
61, 7, Adopt Religion, N/A, LOC_CITY_NAME_MELBOURNE
61, 8, Adopt Religion, N/A, LOC_CITY_NAME_PATNA
61, 8, Adopt Religion, N/A, LOC_CITY_NAME_DELHI
61, 8, Adopt Religion, N/A, LOC_CITY_NAME_MADURAI
61, 8, Adopt Religion, N/A, LOC_CITY_NAME_MUMBAI
61, 9, Adopt Religion, N/A, LOC_CITY_NAME_PELLA
61, 9, Adopt Religion, N/A, LOC_CITY_NAME_DION
61, 9, Adopt Religion, N/A, LOC_CITY_NAME_ALEXANDRIA_TROAS
61, 9, Adopt Religion, N/A, LOC_CITY_NAME_PYDNA
61, 10, Adopt Religion, N/A, LOC_CITY_NAME_SAMARKAND
61, 11, Adopt Religion, N/A, LOC_CITY_NAME_AUCKLAND
61, 12, Adopt Religion, N/A, LOC_CITY_NAME_MUSCAT
61, 13, Adopt Religion, N/A, LOC_CITY_NAME_GENEVA
61, 14, Adopt Religion, N/A, LOC_CITY_NAME_JOHANNESBURG
61, 15, Adopt Religion, N/A, LOC_CITY_NAME_LISBON
61, 16, Adopt Religion, N/A, LOC_CITY_NAME_SINGAPORE
61, 17, Adopt Religion, N/A, LOC_CITY_NAME_BOLOGNA
61, 18, Adopt Religion, N/A, LOC_CITY_NAME_KUMASI
61, 19, Adopt Religion, N/A, LOC_CITY_NAME_BRUSSELS
61, 20, Adopt Religion, N/A, LOC_CITY_NAME_BANDAR_BRUNEI
61, 21, Adopt Religion, N/A, LOC_CITY_NAME_MOHENJO_DARO
61, 22, Adopt Religion, N/A, LOC_CITY_NAME_ANTIOCH
61, 23, Adopt Religion, N/A, LOC_CITY_NAME_HATTUSA
61, 24, Adopt Religion, N/A, LOC_CITY_NAME_HUNZA
62, 8, Found Religion, RELIGION_HINDUISM, N/A
62, 8, Add belief to LOC_RELIGION_HINDUISM, BELIEF_DIVINE_INSPIRATION, N/A
62, 0, Adopt Religion, N/A, LOC_CITY_NAME_LISBON_STK
62, 0, Adopt Religion, N/A, LOC_CITY_NAME_COIMBRA
62, 1, Adopt Religion, N/A, LOC_CITY_NAME_ADUATUCA
62, 1, Adopt Religion, N/A, LOC_CITY_NAME_RATUMACOS
62, 1, Adopt Religion, N/A, LOC_CITY_NAME_BIBRAX
62, 1, Adopt Religion, N/A, LOC_CITY_NAME_AVARICUM
62, 2, Adopt Religion, N/A, LOC_CITY_NAME_MBANZA_KONGO
62, 2, Adopt Religion, N/A, LOC_CITY_NAME_MBAMBA
62, 2, Adopt Religion, N/A, LOC_CITY_NAME_KWANGO
62, 2, Adopt Religion, N/A, LOC_CITY_NAME_MBANZA_MBATA
62, 2, Adopt Religion, N/A, LOC_CITY_NAME_KINCHASSA
62, 3, Adopt Religion, N/A, LOC_CITY_NAME_TENOCHTITLAN
62, 3, Adopt Religion, N/A, LOC_CITY_NAME_TEAYO
62, 3, Adopt Religion, N/A, LOC_CITY_NAME_MALINALCO
62, 3, Adopt Religion, N/A, LOC_CITY_NAME_XOCHICALCO
62, 4, Adopt Religion, N/A, LOC_CITY_NAME_ROME
62, 4, Adopt Religion, N/A, LOC_CITY_NAME_OSTIA
62, 4, Adopt Religion, N/A, LOC_CITY_NAME_RAVENNA
62, 4, Adopt Religion, N/A, LOC_CITY_NAME_MEDIOLANUM
62, 4, Adopt Religion, N/A, LOC_CITY_NAME_CUMAE
62, 5, Adopt Religion, N/A, LOC_CITY_NAME_BABYLON_STK
62, 5, Adopt Religion, N/A, LOC_CITY_NAME_ESHNUNNA
62, 5, Adopt Religion, N/A, LOC_CITY_NAME_DUR_KURIGALZU
62, 5, Adopt Religion, N/A, LOC_CITY_NAME_DURMUTI
62, 5, Adopt Religion, N/A, LOC_CITY_NAME_TUTTUL
62, 6, Adopt Religion, N/A, LOC_CITY_NAME_STIRLING
62, 6, Adopt Religion, N/A, LOC_CITY_NAME_ROXBURGH
62, 6, Adopt Religion, N/A, LOC_CITY_NAME_CULLEN
62, 6, Adopt Religion, N/A, LOC_CITY_NAME_DUNDEE
62, 6, Adopt Religion, N/A, LOC_CITY_NAME_DUMBARTON
62, 7, Adopt Religion, N/A, LOC_CITY_NAME_CANBERRA
62, 7, Adopt Religion, N/A, LOC_CITY_NAME_PERTH
62, 7, Adopt Religion, N/A, LOC_CITY_NAME_ADELAIDE
62, 7, Adopt Religion, N/A, LOC_CITY_NAME_MELBOURNE
62, 8, Adopt Religion, N/A, LOC_CITY_NAME_PATNA
62, 8, Adopt Religion, N/A, LOC_CITY_NAME_DELHI
62, 8, Adopt Religion, N/A, LOC_CITY_NAME_MADURAI
62, 8, Adopt Religion, N/A, LOC_CITY_NAME_MUMBAI
62, 9, Adopt Religion, N/A, LOC_CITY_NAME_PELLA
62, 9, Adopt Religion, N/A, LOC_CITY_NAME_DION
62, 9, Adopt Religion, N/A, LOC_CITY_NAME_ALEXANDRIA_TROAS
62, 9, Adopt Religion, N/A, LOC_CITY_NAME_PYDNA
62, 10, Adopt Religion, N/A, LOC_CITY_NAME_SAMARKAND
62, 11, Adopt Religion, N/A, LOC_CITY_NAME_AUCKLAND
62, 12, Adopt Religion, N/A, LOC_CITY_NAME_MUSCAT
62, 13, Adopt Religion, N/A, LOC_CITY_NAME_GENEVA
62, 14, Adopt Religion, N/A, LOC_CITY_NAME_JOHANNESBURG
62, 15, Adopt Religion, N/A, LOC_CITY_NAME_LISBON
62, 16, Adopt Religion, N/A, LOC_CITY_NAME_SINGAPORE
62, 17, Adopt Religion, N/A, LOC_CITY_NAME_BOLOGNA
62, 18, Adopt Religion, N/A, LOC_CITY_NAME_KUMASI
62, 19, Adopt Religion, N/A, LOC_CITY_NAME_BRUSSELS
62, 20, Adopt Religion, N/A, LOC_CITY_NAME_BANDAR_BRUNEI
62, 21, Adopt Religion, N/A, LOC_CITY_NAME_MOHENJO_DARO
62, 22, Adopt Religion, N/A, LOC_CITY_NAME_ANTIOCH
62, 23, Adopt Religion, N/A, LOC_CITY_NAME_HATTUSA
62, 24, Adopt Religion, N/A, LOC_CITY_NAME_HUNZA
62, 8, Add belief to LOC_RELIGION_HINDUISM, BELIEF_SYNAGOGUE, N/A
62, 0, Adopt Religion, N/A, LOC_CITY_NAME_LISBON_STK
62, 0, Adopt Religion, N/A, LOC_CITY_NAME_COIMBRA
62, 1, Adopt Religion, N/A, LOC_CITY_NAME_ADUATUCA
62, 1, Adopt Religion, N/A, LOC_CITY_NAME_RATUMACOS
62, 1, Adopt Religion, N/A, LOC_CITY_NAME_BIBRAX
62, 1, Adopt Religion, N/A, LOC_CITY_NAME_AVARICUM
62, 2, Adopt Religion, N/A, LOC_CITY_NAME_MBANZA_KONGO
62, 2, Adopt Religion, N/A, LOC_CITY_NAME_MBAMBA
62, 2, Adopt Religion, N/A, LOC_CITY_NAME_KWANGO
62, 2, Adopt Religion, N/A, LOC_CITY_NAME_MBANZA_MBATA
62, 2, Adopt Religion, N/A, LOC_CITY_NAME_KINCHASSA
62, 3, Adopt Religion, N/A, LOC_CITY_NAME_TENOCHTITLAN
62, 3, Adopt Religion, N/A, LOC_CITY_NAME_TEAYO
62, 3, Adopt Religion, N/A, LOC_CITY_NAME_MALINALCO
62, 3, Adopt Religion, N/A, LOC_CITY_NAME_XOCHICALCO
62, 4, Adopt Religion, N/A, LOC_CITY_NAME_ROME
62, 4, Adopt Religion, N/A, LOC_CITY_NAME_OSTIA
62, 4, Adopt Religion, N/A, LOC_CITY_NAME_RAVENNA
62, 4, Adopt Religion, N/A, LOC_CITY_NAME_MEDIOLANUM
62, 4, Adopt Religion, N/A, LOC_CITY_NAME_CUMAE
62, 5, Adopt Religion, N/A, LOC_CITY_NAME_BABYLON_STK
62, 5, Adopt Religion, N/A, LOC_CITY_NAME_ESHNUNNA
62, 5, Adopt Religion, N/A, LOC_CITY_NAME_DUR_KURIGALZU
62, 5, Adopt Religion, N/A, LOC_CITY_NAME_DURMUTI
62, 5, Adopt Religion, N/A, LOC_CITY_NAME_TUTTUL
62, 6, Adopt Religion, N/A, LOC_CITY_NAME_STIRLING
62, 6, Adopt Religion, N/A, LOC_CITY_NAME_ROXBURGH
62, 6, Adopt Religion, N/A, LOC_CITY_NAME_CULLEN
62, 6, Adopt Religion, N/A, LOC_CITY_NAME_DUNDEE
62, 6, Adopt Religion, N/A, LOC_CITY_NAME_DUMBARTON
62, 7, Adopt Religion, N/A, LOC_CITY_NAME_CANBERRA
62, 7, Adopt Religion, N/A, LOC_CITY_NAME_PERTH
62, 7, Adopt Religion, N/A, LOC_CITY_NAME_ADELAIDE
62, 7, Adopt Religion, N/A, LOC_CITY_NAME_MELBOURNE
62, 8, Adopt Religion, N/A, LOC_CITY_NAME_PATNA
62, 8, Adopt Religion, N/A, LOC_CITY_NAME_DELHI
62, 8, Adopt Religion, N/A, LOC_CITY_NAME_MADURAI
62, 8, Adopt Religion, N/A, LOC_CITY_NAME_MUMBAI
62, 9, Adopt Religion, N/A, LOC_CITY_NAME_PELLA
62, 9, Adopt Religion, N/A, LOC_CITY_NAME_DION
62, 9, Adopt Religion, N/A, LOC_CITY_NAME_ALEXANDRIA_TROAS
62, 9, Adopt Religion, N/A, LOC_CITY_NAME_PYDNA
62, 10, Adopt Religion, N/A, LOC_CITY_NAME_SAMARKAND
62, 11, Adopt Religion, N/A, LOC_CITY_NAME_AUCKLAND
62, 12, Adopt Religion, N/A, LOC_CITY_NAME_MUSCAT
62, 13, Adopt Religion, N/A, LOC_CITY_NAME_GENEVA
62, 14, Adopt Religion, N/A, LOC_CITY_NAME_JOHANNESBURG
62, 15, Adopt Religion, N/A, LOC_CITY_NAME_LISBON
62, 16, Adopt Religion, N/A, LOC_CITY_NAME_SINGAPORE
62, 17, Adopt Religion, N/A, LOC_CITY_NAME_BOLOGNA
62, 18, Adopt Religion, N/A, LOC_CITY_NAME_KUMASI
62, 19, Adopt Religion, N/A, LOC_CITY_NAME_BRUSSELS
62, 20, Adopt Religion, N/A, LOC_CITY_NAME_BANDAR_BRUNEI
62, 21, Adopt Religion, N/A, LOC_CITY_NAME_MOHENJO_DARO
62, 22, Adopt Religion, N/A, LOC_CITY_NAME_ANTIOCH
62, 23, Adopt Religion, N/A, LOC_CITY_NAME_HATTUSA
62, 24, Adopt Religion, N/A, LOC_CITY_NAME_HUNZA
65, 9, Found Pantheon, BELIEF_DIVINE_SPARK, N/A
65, 9, Adopt Pantheon, N/A, LOC_CITY_NAME_PELLA
65, 9, Adopt Pantheon, N/A, LOC_CITY_NAME_DION
65, 9, Adopt Pantheon, N/A, LOC_CITY_NAME_ALEXANDRIA_TROAS
65, 9, Adopt Pantheon, N/A, LOC_CITY_NAME_PYDNA
125, 7, Add belief to LOC_RELIGION_PROTESTANTISM, BELIEF_MISSIONARY_ZEAL, N/A
125, 0, Adopt Religion, N/A, LOC_CITY_NAME_LISBON_STK
125, 0, Adopt Religion, N/A, LOC_CITY_NAME_COIMBRA
125, 0, Adopt Religion, N/A, LOC_CITY_NAME_GUARDA
125, 1, Adopt Religion, N/A, LOC_CITY_NAME_ADUATUCA
125, 1, Adopt Religion, N/A, LOC_CITY_NAME_RATUMACOS
125, 1, Adopt Religion, N/A, LOC_CITY_NAME_BIBRAX
125, 1, Adopt Religion, N/A, LOC_CITY_NAME_AVARICUM
125, 1, Adopt Religion, N/A, LOC_CITY_NAME_LISIEUX
125, 1, Adopt Religion, N/A, LOC_CITY_NAME_ALESIA
125, 2, Adopt Religion, N/A, LOC_CITY_NAME_MBAMBA
125, 2, Adopt Religion, N/A, LOC_CITY_NAME_KINCHASSA
125, 3, Adopt Religion, N/A, LOC_CITY_NAME_TENOCHTITLAN
125, 3, Adopt Religion, N/A, LOC_CITY_NAME_TEAYO
125, 3, Adopt Religion, N/A, LOC_CITY_NAME_MALINALCO
125, 3, Adopt Religion, N/A, LOC_CITY_NAME_XOCHICALCO
125, 3, Adopt Religion, N/A, LOC_CITY_NAME_TEXCOCO
125, 3, Adopt Religion, N/A, LOC_CITY_NAME_CEMPOALA
125, 4, Adopt Religion, N/A, LOC_CITY_NAME_ROME
125, 4, Adopt Religion, N/A, LOC_CITY_NAME_OSTIA
125, 4, Adopt Religion, N/A, LOC_CITY_NAME_RAVENNA
125, 4, Adopt Religion, N/A, LOC_CITY_NAME_MEDIOLANUM
125, 4, Adopt Religion, N/A, LOC_CITY_NAME_CUMAE
125, 4, Adopt Religion, N/A, LOC_CITY_NAME_ANTIUM
125, 4, Adopt Religion, N/A, LOC_CITY_NAME_DUROCORTORUM
125, 4, Adopt Religion, N/A, LOC_CITY_NAME_KWANGO
125, 4, Adopt Religion, N/A, LOC_CITY_NAME_PUTEOLI
125, 4, Adopt Religion, N/A, LOC_CITY_NAME_MBANZA_KONGO
125, 5, Adopt Religion, N/A, LOC_CITY_NAME_BABYLON_STK
125, 5, Adopt Religion, N/A, LOC_CITY_NAME_ESHNUNNA
125, 5, Adopt Religion, N/A, LOC_CITY_NAME_DUR_KURIGALZU
125, 5, Adopt Religion, N/A, LOC_CITY_NAME_DURMUTI
125, 5, Adopt Religion, N/A, LOC_CITY_NAME_TUTTUL
125, 5, Adopt Religion, N/A, LOC_CITY_NAME_MARI
125, 5, Adopt Religion, N/A, LOC_CITY_NAME_JOHANNESBURG
125, 5, Adopt Religion, N/A, LOC_CITY_NAME_BORSIPPA
125, 6, Adopt Religion, N/A, LOC_CITY_NAME_STIRLING
125, 6, Adopt Religion, N/A, LOC_CITY_NAME_ROXBURGH
125, 6, Adopt Religion, N/A, LOC_CITY_NAME_CULLEN
125, 6, Adopt Religion, N/A, LOC_CITY_NAME_DUNDEE
125, 6, Adopt Religion, N/A, LOC_CITY_NAME_DUMBARTON
125, 6, Adopt Religion, N/A, LOC_CITY_NAME_HADDINGTON
125, 7, Adopt Religion, N/A, LOC_CITY_NAME_CANBERRA
125, 7, Adopt Religion, N/A, LOC_CITY_NAME_PERTH
125, 7, Adopt Religion, N/A, LOC_CITY_NAME_ADELAIDE
125, 7, Adopt Religion, N/A, LOC_CITY_NAME_MELBOURNE
125, 7, Adopt Religion, N/A, LOC_CITY_NAME_NEWCASTLE
125, 7, Adopt Religion, N/A, LOC_CITY_NAME_GEELONG
125, 8, Adopt Religion, N/A, LOC_CITY_NAME_PATNA
125, 8, Adopt Religion, N/A, LOC_CITY_NAME_DELHI
125, 8, Adopt Religion, N/A, LOC_CITY_NAME_MADURAI
125, 8, Adopt Religion, N/A, LOC_CITY_NAME_MUMBAI
125, 8, Adopt Religion, N/A, LOC_CITY_NAME_CHENNAI
125, 8, Adopt Religion, N/A, LOC_CITY_NAME_BANGALORE
125, 8, Adopt Religion, N/A, LOC_CITY_NAME_MYSORE
125, 9, Adopt Religion, N/A, LOC_CITY_NAME_PELLA
125, 9, Adopt Religion, N/A, LOC_CITY_NAME_DION
125, 9, Adopt Religion, N/A, LOC_CITY_NAME_ALEXANDRIA_TROAS
125, 9, Adopt Religion, N/A, LOC_CITY_NAME_PYDNA
125, 9, Adopt Religion, N/A, LOC_CITY_NAME_AMPHIPOLIS
125, 9, Adopt Religion, N/A, LOC_CITY_NAME_METHONE
125, 10, Adopt Religion, N/A, LOC_CITY_NAME_SAMARKAND
125, 11, Adopt Religion, N/A, LOC_CITY_NAME_AUCKLAND
125, 12, Adopt Religion, N/A, LOC_CITY_NAME_MUSCAT
125, 13, Adopt Religion, N/A, LOC_CITY_NAME_GENEVA
125, 15, Adopt Religion, N/A, LOC_CITY_NAME_LISBON
125, 16, Adopt Religion, N/A, LOC_CITY_NAME_SINGAPORE
125, 17, Adopt Religion, N/A, LOC_CITY_NAME_BOLOGNA
125, 18, Adopt Religion, N/A, LOC_CITY_NAME_KUMASI
125, 19, Adopt Religion, N/A, LOC_CITY_NAME_BRUSSELS
125, 20, Adopt Religion, N/A, LOC_CITY_NAME_BANDAR_BRUNEI
125, 21, Adopt Religion, N/A, LOC_CITY_NAME_MOHENJO_DARO
125, 22, Adopt Religion, N/A, LOC_CITY_NAME_ANTIOCH
125, 23, Adopt Religion, N/A, LOC_CITY_NAME_HATTUSA
125, 24, Adopt Religion, N/A, LOC_CITY_NAME_HUNZA
140, 7, Add belief to LOC_RELIGION_PROTESTANTISM, BELIEF_LAY_MINISTRY, N/A
140, 0, Adopt Religion, N/A, LOC_CITY_NAME_LISBON_STK
140, 0, Adopt Religion, N/A, LOC_CITY_NAME_COIMBRA
140, 0, Adopt Religion, N/A, LOC_CITY_NAME_GUARDA
140, 1, Adopt Religion, N/A, LOC_CITY_NAME_ADUATUCA
140, 1, Adopt Religion, N/A, LOC_CITY_NAME_RATUMACOS
140, 1, Adopt Religion, N/A, LOC_CITY_NAME_BIBRAX
140, 1, Adopt Religion, N/A, LOC_CITY_NAME_AVARICUM
140, 1, Adopt Religion, N/A, LOC_CITY_NAME_LISIEUX
140, 1, Adopt Religion, N/A, LOC_CITY_NAME_ALESIA
140, 2, Adopt Religion, N/A, LOC_CITY_NAME_MBAMBA
140, 2, Adopt Religion, N/A, LOC_CITY_NAME_KINCHASSA
140, 3, Adopt Religion, N/A, LOC_CITY_NAME_TENOCHTITLAN
140, 3, Adopt Religion, N/A, LOC_CITY_NAME_TEAYO
140, 3, Adopt Religion, N/A, LOC_CITY_NAME_MALINALCO
140, 3, Adopt Religion, N/A, LOC_CITY_NAME_XOCHICALCO
140, 3, Adopt Religion, N/A, LOC_CITY_NAME_TEXCOCO
140, 3, Adopt Religion, N/A, LOC_CITY_NAME_CEMPOALA
140, 4, Adopt Religion, N/A, LOC_CITY_NAME_ROME
140, 4, Adopt Religion, N/A, LOC_CITY_NAME_OSTIA
140, 4, Adopt Religion, N/A, LOC_CITY_NAME_RAVENNA
140, 4, Adopt Religion, N/A, LOC_CITY_NAME_MEDIOLANUM
140, 4, Adopt Religion, N/A, LOC_CITY_NAME_CUMAE
140, 4, Adopt Religion, N/A, LOC_CITY_NAME_ANTIUM
140, 4, Adopt Religion, N/A, LOC_CITY_NAME_DUROCORTORUM
140, 4, Adopt Religion, N/A, LOC_CITY_NAME_KWANGO
140, 4, Adopt Religion, N/A, LOC_CITY_NAME_PUTEOLI
140, 4, Adopt Religion, N/A, LOC_CITY_NAME_MBANZA_KONGO
140, 5, Adopt Religion, N/A, LOC_CITY_NAME_BABYLON_STK
140, 5, Adopt Religion, N/A, LOC_CITY_NAME_ESHNUNNA
140, 5, Adopt Religion, N/A, LOC_CITY_NAME_DUR_KURIGALZU
140, 5, Adopt Religion, N/A, LOC_CITY_NAME_DURMUTI
140, 5, Adopt Religion, N/A, LOC_CITY_NAME_TUTTUL
140, 5, Adopt Religion, N/A, LOC_CITY_NAME_MARI
140, 5, Adopt Religion, N/A, LOC_CITY_NAME_JOHANNESBURG
140, 5, Adopt Religion, N/A, LOC_CITY_NAME_BORSIPPA
140, 6, Adopt Religion, N/A, LOC_CITY_NAME_STIRLING
140, 6, Adopt Religion, N/A, LOC_CITY_NAME_ROXBURGH
140, 6, Adopt Religion, N/A, LOC_CITY_NAME_CULLEN
140, 6, Adopt Religion, N/A, LOC_CITY_NAME_DUNDEE
140, 6, Adopt Religion, N/A, LOC_CITY_NAME_DUMBARTON
140, 6, Adopt Religion, N/A, LOC_CITY_NAME_HADDINGTON
140, 7, Adopt Religion, N/A, LOC_CITY_NAME_CANBERRA
140, 7, Adopt Religion, N/A, LOC_CITY_NAME_PERTH
140, 7, Adopt Religion, N/A, LOC_CITY_NAME_ADELAIDE
140, 7, Adopt Religion, N/A, LOC_CITY_NAME_MELBOURNE
140, 7, Adopt Religion, N/A, LOC_CITY_NAME_NEWCASTLE
140, 7, Adopt Religion, N/A, LOC_CITY_NAME_GEELONG
140, 8, Adopt Religion, N/A, LOC_CITY_NAME_PATNA
140, 8, Adopt Religion, N/A, LOC_CITY_NAME_DELHI
140, 8, Adopt Religion, N/A, LOC_CITY_NAME_MADURAI
140, 8, Adopt Religion, N/A, LOC_CITY_NAME_MUMBAI
140, 8, Adopt Religion, N/A, LOC_CITY_NAME_CHENNAI
140, 8, Adopt Religion, N/A, LOC_CITY_NAME_BANGALORE
140, 8, Adopt Religion, N/A, LOC_CITY_NAME_MYSORE
140, 9, Adopt Religion, N/A, LOC_CITY_NAME_PELLA
140, 9, Adopt Religion, N/A, LOC_CITY_NAME_DION
140, 9, Adopt Religion, N/A, LOC_CITY_NAME_ALEXANDRIA_TROAS
140, 9, Adopt Religion, N/A, LOC_CITY_NAME_PYDNA
140, 9, Adopt Religion, N/A, LOC_CITY_NAME_AMPHIPOLIS
140, 9, Adopt Religion, N/A, LOC_CITY_NAME_METHONE
140, 10, Adopt Religion, N/A, LOC_CITY_NAME_SAMARKAND
140, 11, Adopt Religion, N/A, LOC_CITY_NAME_AUCKLAND
140, 12, Adopt Religion, N/A, LOC_CITY_NAME_MUSCAT
140, 13, Adopt Religion, N/A, LOC_CITY_NAME_GENEVA
140, 15, Adopt Religion, N/A, LOC_CITY_NAME_LISBON
140, 16, Adopt Religion, N/A, LOC_CITY_NAME_SINGAPORE
140, 17, Adopt Religion, N/A, LOC_CITY_NAME_BOLOGNA
140, 18, Adopt Religion, N/A, LOC_CITY_NAME_KUMASI
140, 19, Adopt Religion, N/A, LOC_CITY_NAME_BRUSSELS
140, 20, Adopt Religion, N/A, LOC_CITY_NAME_BANDAR_BRUNEI
140, 21, Adopt Religion, N/A, LOC_CITY_NAME_MOHENJO_DARO
140, 22, Adopt Religion, N/A, LOC_CITY_NAME_ANTIOCH
140, 23, Adopt Religion, N/A, LOC_CITY_NAME_HATTUSA
140, 24, Adopt Religion, N/A, LOC_CITY_NAME_HUNZA
